Survived,Pclass,Sex,Age,SibSp,Parch,Fare,Embarked,Title,FamilySize,isAlone,AgeBin,FareBin,Sex_male,Sex_female,Embarked_S,Embarked_C,Embarked_Q,Pclass_3,Pclass_1,Pclass_2,Title_Mr,Title_Miss,Title_Master,Title_rare
0,3,male,0.33415918240941467,1,0,0.029115738554643292,S,Mr,2,0,1,0,1,0,1,0,0,1,0,0,1,0,0,0
1,1,female,0.5819139052338185,1,0,0.286271162222373,C,Mr,2,0,3,4,0,1,0,1,0,0,1,0,1,0,0,0
1,3,female,0.39609786311551565,0,0,0.031826514213179044,S,Miss,1,1,2,1,0,1,1,0,0,1,0,0,0,1,0,0
1,1,female,0.5354598947042428,1,0,0.21324768513814604,S,Mr,2,0,3,4,0,1,1,0,0,0,1,0,1,0,0,0
0,3,male,0.5354598947042428,0,0,0.03232850970550048,S,Mr,1,1,3,1,1,0,1,0,0,1,0,0,1,0,0,0
0,3,male,0.3806131929389904,0,0,0.03396822778161922,Q,Mr,1,1,1,1,1,0,0,0,1,1,0,0,1,0,0,0
0,1,male,0.8296686280582224,0,0,0.20827792976416382,S,Mr,1,1,4,4,1,0,1,0,0,0,1,0,1,0,0,0
0,3,male,0.02446577887890988,3,1,0.08463644000539412,S,Master,5,0,0,2,1,0,1,0,0,1,0,0,0,0,1,0
1,3,female,0.41158253329204086,0,2,0.044710931317297954,S,Mr,3,0,2,2,0,1,1,0,0,1,0,0,1,0,0,0
1,2,female,0.21028182099721276,1,0,0.12076324840399551,C,Mr,2,0,0,3,0,1,0,1,0,0,0,1,1,0,0,0
1,3,female,0.05543511923196036,1,1,0.06706659777414385,S,Miss,3,0,0,2,0,1,1,0,0,1,0,0,0,1,0,0
1,1,female,0.8916073087643234,0,0,0.10662384256907302,S,Miss,1,1,4,3,0,1,1,0,0,0,1,0,0,1,0,0
0,3,male,0.3031898420563642,0,0,0.03232850970550048,S,Mr,1,1,0,1,1,0,1,0,0,1,0,0,1,0,0,0
0,3,male,0.5973985754103438,1,5,0.1255992721788233,S,Mr,7,0,3,3,1,0,1,0,0,1,0,0,1,0,0,0
0,3,female,0.21028182099721276,0,0,0.031542183966328186,S,Miss,1,1,0,0,0,1,1,0,0,1,0,0,0,1,0,0
1,2,female,0.8451532982347476,0,0,0.06425542301714382,S,Mr,1,1,4,2,0,1,1,0,0,0,0,1,1,0,0,0
0,3,male,0.02446577887890988,4,1,0.1169649497108946,Q,Master,6,0,0,3,1,0,0,0,1,1,0,0,0,0,1,0
1,2,male,0.45803654382161657,0,0,0.052207531201429354,S,Mr,1,1,2,2,1,0,1,0,0,0,0,1,1,0,0,0
0,3,female,0.47352121399814184,1,0,0.0722873508942868,S,Mr,2,0,3,2,0,1,1,0,0,1,0,0,1,0,0,0
1,3,female,0.32641684732115206,0,0,0.029015339456179005,C,Mr,1,1,1,0,0,1,0,1,0,1,0,0,1,0,0,0
0,2,male,0.5354598947042428,0,0,0.10441506240285871,S,Mr,1,1,3,3,1,0,1,0,0,0,0,1,1,0,0,0
1,2,male,0.5199752245277175,0,0,0.052207531201429354,S,Mr,1,1,3,2,1,0,1,0,0,0,0,1,1,0,0,0
1,3,female,0.225766491173738,0,0,0.0322449776555782,Q,Miss,1,1,0,1,0,1,0,0,1,1,0,0,0,1,0,0
1,1,male,0.4270672034685661,0,0,0.14256671981928784,S,Mr,1,1,2,3,1,0,1,0,0,0,1,0,1,0,0,0
0,3,female,0.11737379993806132,3,1,0.08463644000539412,S,Miss,5,0,0,2,0,1,1,0,0,1,0,0,0,1,0,0
1,3,female,0.5819139052338185,1,5,0.1260510681219126,S,Mr,7,0,3,3,0,1,1,0,0,1,0,0,1,0,0,0
0,3,male,0.3806131929389904,0,0,0.029015339456179005,C,Mr,1,1,1,0,1,0,0,1,0,1,0,0,1,0,0,0
0,1,male,0.28770517187983896,3,2,1.0,S,Mr,6,0,0,4,1,0,1,0,0,0,1,0,1,0,0,0
1,3,female,0.32641684732115206,0,0,0.03164258306479247,Q,Miss,1,1,1,1,0,1,0,0,1,1,0,0,0,1,0,0
0,3,male,0.3806131929389904,0,0,0.031709248066172764,S,Mr,1,1,1,1,1,0,1,0,0,1,0,0,1,0,0,0
0,1,male,0.612883245586869,0,0,0.11132573314835252,C,rare,1,1,3,3,1,0,0,1,0,0,1,0,0,0,0,1
1,1,female,0.5354598947042428,1,0,0.5884222490506454,C,Mr,2,0,3,4,0,1,0,1,0,0,1,0,1,0,0,0
1,3,female,0.32641684732115206,0,0,0.031123720523929036,Q,Miss,1,1,1,0,0,1,0,0,1,1,0,0,0,1,0,0
0,2,male,1.0,0,0,0.04216762135500063,S,Mr,1,1,4,1,1,0,1,0,0,0,0,1,1,0,0,0
0,1,male,0.4270672034685661,1,0,0.32999496960357005,C,Mr,2,0,2,4,1,0,0,1,0,0,1,0,1,0,0,0
0,1,male,0.6438525859399195,1,0,0.20883012480571742,S,Mr,2,0,4,4,1,0,1,0,0,0,1,0,1,0,0,0
1,3,male,0.3806131929389904,0,0,0.029032206504721002,C,Mr,1,1,1,0,1,0,0,1,0,1,0,0,1,0,0,0
0,3,male,0.3186745122328894,0,0,0.03232850970550048,S,Mr,1,1,1,1,1,0,1,0,0,1,0,0,1,0,0,0
0,3,female,0.2722205017033137,2,0,0.0722873508942868,S,Miss,3,0,0,2,0,1,1,0,0,1,0,0,0,1,0,0
1,3,female,0.21028182099721276,1,0,0.0451462618082391,C,Miss,2,0,0,2,0,1,0,1,0,1,0,0,0,1,0,0
0,3,female,0.612883245586869,1,0,0.03805125831796485,S,Mr,2,0,3,1,0,1,1,0,0,1,0,0,1,0,0,0
0,2,female,0.41158253329204086,1,0,0.08433524271000126,S,Mr,2,0,2,2,0,1,1,0,0,0,0,1,1,0,0,0
0,3,male,0.3806131929389904,0,0,0.031709248066172764,C,Mr,1,1,1,1,1,0,0,1,0,1,0,0,1,0,0,0
1,2,female,0.03995044905543512,1,2,0.16698056779465165,C,Miss,4,0,0,4,0,1,0,1,0,0,0,1,0,1,0,0
1,3,female,0.28770517187983896,0,0,0.03164258306479247,Q,Miss,1,1,0,1,0,1,0,0,1,1,0,0,0,1,0,0
0,3,male,0.3806131929389904,0,0,0.03232850970550048,S,Mr,1,1,1,1,1,0,1,0,0,1,0,0,1,0,0,0
0,3,male,0.3806131929389904,1,0,0.06224744104785807,Q,Mr,2,0,1,2,1,0,0,0,1,1,0,0,1,0,0,0
0,3,male,0.3806131929389904,2,0,0.08706288541707902,C,Mr,3,0,1,2,1,0,0,1,0,1,0,0,1,0,0,0
0,3,female,0.2722205017033137,1,0,0.0714841581065725,S,Mr,2,0,0,2,0,1,1,0,0,1,0,0,1,0,0,0
0,3,male,0.10188912976153608,4,1,0.15938356881205595,S,Master,6,0,0,3,1,0,1,0,0,1,0,0,0,0,1,0
0,3,male,0.3186745122328894,0,0,0.03132451872085761,S,Mr,1,1,1,0,1,0,1,0,0,1,0,0,1,0,0,0
1,1,female,0.7522452771755962,1,0,0.30814170023543946,C,Mr,2,0,4,4,0,1,0,1,0,0,1,0,1,0,0,0
1,2,female,0.44255187364509135,1,0,0.10441506240285871,S,Mr,2,0,2,3,0,1,1,0,0,0,0,1,1,0,0,0
0,1,male,1.0,0,1,0.24890623214151,C,Mr,2,0,4,4,1,0,0,1,0,0,1,0,1,0,0,0
1,1,male,0.612883245586869,0,0,0.14256671981928784,S,Mr,1,1,3,3,1,0,1,0,0,0,1,0,1,0,0,0
1,2,female,0.3186745122328894,0,0,0.04216762135500063,S,Miss,1,1,1,1,0,1,1,0,0,0,0,1,0,1,0,0
0,3,male,0.43480953855682875,0,0,0.029032206504721002,C,Mr,1,1,2,0,1,0,0,1,0,1,0,0,1,0,0,0
1,2,female,0.0709197894084856,1,2,0.11144299929535881,S,Miss,4,0,0,3,0,1,1,0,0,0,0,1,0,1,0,0
0,3,male,0.16382781046763706,5,2,0.1883487087190028,S,Master,8,0,0,4,1,0,1,0,0,1,0,0,0,0,1,0
0,3,male,0.33415918240941467,0,0,0.029032206504721002,C,Mr,1,1,1,0,1,0,0,1,0,1,0,0,1,0,0,0
1,1,female,0.5819139052338185,0,0,0.3212771150857191,S,Miss,1,1,3,4,0,1,1,0,0,0,1,0,0,1,0,0
0,1,male,0.6903065964694952,1,0,0.335232589772255,S,Mr,2,0,4,4,1,0,1,0,0,0,1,0,1,0,0,0
0,3,male,0.05543511923196036,3,2,0.11204539388614453,S,Master,6,0,0,3,1,0,1,0,0,1,0,0,0,0,1,0
0,1,male,0.612883245586869,0,0,0.11132573314835252,C,Mr,1,1,3,3,1,0,0,1,0,0,1,0,1,0,0,0
1,3,male,0.3806131929389904,1,1,0.061226583014673194,C,Master,3,0,1,2,1,0,0,1,0,1,0,0,0,0,1,0
1,2,female,0.44255187364509135,0,0,0.04216762135500063,S,Mr,1,1,2,1,0,1,1,0,0,0,0,1,1,0,0,0
0,3,male,0.28770517187983896,0,0,0.032763438600047774,S,Mr,1,1,0,1,1,0,1,0,0,1,0,0,1,0,0,0
1,3,female,0.25673583152678847,4,2,0.031826514213179044,S,Miss,7,0,0,1,0,1,1,0,0,1,0,0,0,1,0,0
0,3,male,0.39609786311551565,2,0,0.034788287617875516,S,Mr,3,0,2,1,1,0,1,0,0,1,0,0,1,0,0,0
0,2,male,0.48900588417466706,0,0,0.04216762135500063,S,Mr,1,1,3,1,1,0,1,0,0,0,0,1,1,0,0,0
0,3,female,0.24125116135026325,5,2,0.1883487087190028,S,Miss,8,0,0,4,0,1,1,0,0,1,0,0,0,1,0,0
0,2,male,0.3186745122328894,0,0,0.2951733494850044,S,Mr,1,1,1,4,1,0,1,0,0,0,0,1,1,0,0,0
0,3,male,0.39609786311551565,1,0,0.05804754596090001,C,Mr,2,0,2,2,1,0,0,1,0,1,0,0,1,0,0,0
1,3,male,0.48900588417466706,0,0,0.22688509548074712,S,Mr,1,1,3,4,1,0,1,0,0,1,0,0,1,0,0,0
0,3,male,0.3806131929389904,0,0,0.03072212413007189,S,Mr,1,1,1,0,1,0,1,0,0,1,0,0,1,0,0,0
1,2,male,0.006348714772375348,0,2,0.11646295421857317,S,Master,3,0,0,3,1,0,1,0,0,0,0,1,0,0,1,0
1,3,female,0.45803654382161657,0,0,0.05009915013367932,S,Miss,1,1,2,2,0,1,1,0,0,1,0,0,0,1,0,0
0,3,male,0.33415918240941467,0,0,0.0361436754471434,S,Mr,1,1,1,1,1,0,1,0,0,1,0,0,1,0,0,0
1,3,male,0.44255187364509135,0,0,0.03815165741642914,S,Mr,1,1,2,1,1,0,1,0,0,1,0,0,1,0,0,0
1,3,female,0.32641684732115206,0,0,0.031274319171625466,Q,Miss,1,1,1,0,0,1,0,0,1,1,0,0,0,1,0,0
0,1,male,0.4270672034685661,0,0,0.18915190150671712,S,Mr,1,1,2,4,1,0,1,0,0,0,1,0,1,0,0,0
1,2,female,0.25673583152678847,0,0,0.04216762135500063,S,Miss,1,1,0,1,0,1,1,0,0,0,0,1,0,1,0,0
1,3,female,0.5044905543511923,3,0,0.06365302842635809,S,Mr,4,0,3,2,0,1,1,0,0,1,0,0,1,0,0,0
0,3,male,0.24125116135026325,1,3,0.13804876038839492,S,Mr,5,0,0,3,1,0,1,0,0,1,0,0,1,0,0,0
1,1,female,0.3496438525859399,3,2,1.0,S,Miss,6,0,1,4,0,1,1,0,0,0,1,0,0,1,0,0
0,3,male,0.36512852276246516,0,0,0.03232850970550048,S,Mr,1,1,1,1,1,0,1,0,0,1,0,0,1,0,0,0
0,3,male,0.44255187364509135,0,0,0.03232850970550048,S,Mr,1,1,2,1,1,0,1,0,0,1,0,0,1,0,0,0
0,3,male,0.3031898420563642,0,0,0.031542183966328186,S,Mr,1,1,0,0,1,0,1,0,0,1,0,0,1,0,0,0
0,1,male,0.7057912666460204,1,0,0.2456765939421108,S,Mr,2,0,4,4,1,0,1,0,0,0,1,0,1,0,0,0
0,3,male,0.39609786311551565,1,2,0.08262845803610838,S,Mr,4,0,2,2,1,0,1,0,0,1,0,0,1,0,0,0
0,3,male,0.9070919789408486,0,0,0.029115738554643292,S,Mr,1,1,4,0,1,0,1,0,0,1,0,0,1,0,0,0
0,1,male,1.0,0,0,0.1391700175200441,C,Mr,1,1,4,3,1,0,0,1,0,0,1,0,1,0,0,0
1,1,male,0.3496438525859399,0,1,0.2544446480091939,C,Mr,2,0,1,4,1,0,0,1,0,0,1,0,1,0,0,0
1,2,female,0.5199752245277175,0,1,0.09236717058714423,S,Mr,2,0,3,3,0,1,1,0,0,0,0,1,1,0,0,0
0,2,male,0.5199752245277175,1,0,0.10441506240285871,S,Mr,2,0,3,3,1,0,1,0,0,0,0,1,1,0,0,0
0,3,female,0.4270672034685661,0,0,0.031709248066172764,S,Miss,1,1,2,1,0,1,1,0,0,1,0,0,0,1,0,0
0,1,male,0.3186745122328894,0,1,0.3103838129023439,S,Mr,2,0,1,4,1,0,1,0,0,0,1,0,1,0,0,0
0,3,male,0.5044905543511923,0,0,0.03475495511718538,S,Mr,1,1,3,1,1,0,1,0,0,1,0,0,1,0,0,0
0,3,male,0.5664292350572933,2,0,0.031826514213179044,S,Mr,3,0,3,1,1,0,1,0,0,1,0,0,1,0,0,0
0,3,male,0.4270672034685661,0,0,0.031709248066172764,S,Mr,1,1,2,1,1,0,1,0,0,1,0,0,1,0,0,0
1,3,female,0.3186745122328894,0,0,0.03072212413007189,S,Miss,1,1,1,0,0,1,1,0,0,1,0,0,0,1,0,0
1,3,male,0.3806131929389904,0,0,0.031224119622393326,S,Mr,1,1,1,0,1,0,1,0,0,1,0,0,1,0,0,0
0,3,male,0.5819139052338185,0,0,0.031709248066172764,S,Mr,1,1,3,1,1,0,1,0,0,1,0,0,1,0,0,0
1,3,female,0.32641684732115206,1,0,0.09698552911650145,Q,Miss,2,0,1,3,0,1,0,0,1,1,0,0,0,1,0,0
0,1,male,0.7212759368225456,0,0,0.20883012480571742,S,Mr,1,1,4,4,1,0,1,0,0,0,1,0,1,0,0,0
0,3,female,0.21802415608547537,1,0,0.05804754596090001,C,Miss,2,0,0,2,0,1,0,1,0,1,0,0,0,1,0,0
0,3,male,0.33415918240941467,0,0,0.03232850970550048,S,Mr,1,1,1,1,1,0,1,0,0,1,0,0,1,0,0,0
0,3,female,0.3031898420563642,1,0,0.03945684569646487,S,Miss,2,0,0,1,0,1,1,0,0,1,0,0,0,1,0,0
0,3,female,0.25673583152678847,0,0,0.05806401141304815,C,Miss,1,1,0,2,0,1,0,1,0,1,0,0,0,1,0,0
0,3,male,0.3186745122328894,0,0,0.031826514213179044,S,Mr,1,1,1,1,1,0,1,0,0,1,0,0,1,0,0,0
0,3,male,1.0,0,0,0.031123720523929036,Q,Mr,1,1,4,0,1,0,0,0,1,1,0,0,1,0,0,0
0,2,male,0.44255187364509135,1,0,0.08433524271000126,S,Mr,2,0,2,2,1,0,1,0,0,0,0,1,1,0,0,0
0,1,male,0.36512852276246516,0,1,0.9940346068463658,C,Mr,2,0,1,4,1,0,0,1,0,0,1,0,1,0,0,0
0,3,female,0.02446577887890988,4,2,0.1255992721788233,S,Miss,7,0,0,3,0,1,1,0,0,1,0,0,0,1,0,0
0,2,male,0.3186745122328894,2,0,0.2951733494850044,S,Mr,3,0,1,4,1,0,1,0,0,0,0,1,1,0,0,0
0,2,male,0.49674821926292967,1,0,0.12076324840399551,C,Mr,2,0,3,3,1,0,0,1,0,0,0,1,1,0,0,0
1,2,female,0.49674821926292967,0,0,0.052207531201429354,S,Miss,1,1,3,2,0,1,1,0,0,0,0,1,0,1,0,0
0,1,male,0.8296686280582224,0,1,0.3103838129023439,S,Mr,2,0,4,4,1,0,1,0,0,0,1,0,1,0,0,0
1,3,male,0.17931248064416228,1,0,0.0451462618082391,C,Master,2,0,0,2,1,0,0,1,0,1,0,0,0,0,1,0
0,3,male,0.3806131929389904,0,0,0.031123720523929036,Q,Mr,1,1,1,0,1,0,0,0,1,1,0,0,1,0,0,0
1,3,male,0.36512852276246516,0,0,0.028680809660096,S,Mr,1,1,1,0,1,0,1,0,0,1,0,0,1,0,0,0
1,3,female,0.32641684732115206,1,1,0.08979012652776291,C,Miss,3,0,1,3,0,1,0,1,0,1,0,0,0,1,0,0
0,3,male,0.6903065964694952,0,0,0.02801134847153613,S,Mr,1,1,4,0,1,0,1,0,0,1,0,0,1,0,0,0
0,3,male,0.5044905543511923,0,0,0.031709248066172764,C,Mr,1,1,3,1,1,0,0,1,0,1,0,0,1,0,0,0
0,3,male,0.3031898420563642,0,0,0.028312545766928994,S,Mr,1,1,0,0,1,0,1,0,0,1,0,0,1,0,0,0
0,3,female,0.7212759368225456,1,0,0.058231477109286583,S,Mr,2,0,4,2,0,1,1,0,0,1,0,0,1,0,0,0
0,2,male,0.3806131929389904,0,0,0.052207531201429354,S,Mr,1,1,1,2,1,0,1,0,0,0,0,1,1,0,0,0
0,2,male,0.3496438525859399,0,0,0.060423390226958903,C,Mr,1,1,1,2,1,0,0,1,0,0,0,1,1,0,0,0
1,1,female,0.28770517187983896,0,2,0.105552784986656,S,Miss,3,0,0,3,0,1,1,0,0,0,1,0,0,1,0,0
0,1,male,0.5664292350572933,1,0,0.21324768513814604,S,Mr,2,0,3,4,1,0,1,0,0,0,1,0,1,0,0,0
0,3,male,0.24125116135026325,0,0,0.03701393483263184,S,Mr,1,1,0,1,1,0,1,0,0,1,0,0,1,0,0,0
0,1,male,0.36512852276246516,0,0,0.3180643439348619,C,Mr,1,1,1,4,1,0,0,1,0,0,1,0,1,0,0,0
0,3,female,0.32641684732115206,0,2,0.061226583014673194,C,Mr,3,0,1,2,0,1,0,1,0,1,0,0,1,0,0,0
1,3,female,0.33415918240941467,0,0,0.031123720523929036,S,Miss,1,1,1,0,0,1,1,0,0,1,0,0,0,1,0,0
1,3,female,0.36512852276246516,1,0,0.06365302842635809,S,Mr,2,0,1,2,0,1,1,0,0,1,0,0,1,0,0,0
0,3,male,0.28770517187983896,0,0,0.027107756585357547,Q,Mr,1,1,0,0,1,0,0,0,1,1,0,0,1,0,0,0
0,2,male,0.2722205017033137,0,0,0.04618358529357212,S,Mr,1,1,0,2,1,0,1,0,0,0,0,1,1,0,0,0
0,2,male,0.28770517187983896,1,1,0.1475866747425022,S,Mr,3,0,0,3,1,0,1,0,0,0,0,1,1,0,0,0
1,3,male,0.41158253329204086,0,0,0.03130765167231561,S,Mr,1,1,2,0,1,0,1,0,0,1,0,0,1,0,0,0
0,3,female,0.13285847011458657,2,2,0.13804876038839492,S,Miss,5,0,0,3,0,1,1,0,0,1,0,0,0,1,0,0
0,2,male,0.5586868999690306,0,2,0.10441506240285871,S,Mr,3,0,3,3,1,0,1,0,0,0,0,1,1,0,0,0
0,2,male,0.6438525859399195,0,0,0.052207531201429354,S,rare,1,1,4,2,1,0,1,0,0,0,0,1,0,0,0,1
0,2,male,0.7832146175286466,0,0,0.0502999483306079,S,rare,1,1,4,2,1,0,1,0,0,0,0,1,0,0,0,1
1,1,female,0.33415918240941467,1,0,0.2674631983088611,S,Mr,2,0,1,4,0,1,1,0,0,0,1,0,1,0,0,0
0,3,male,0.8528956333230102,0,0,0.03232850970550048,S,Mr,1,1,4,1,1,0,1,0,0,1,0,0,1,0,0,0
0,3,male,0.6206255806751316,0,2,0.058231477109286583,S,Mr,3,0,4,2,1,0,1,0,0,1,0,0,1,0,0,0
0,3,male,0.3806131929389904,0,0,0.02936673630080401,S,Mr,1,1,1,0,1,0,1,0,0,1,0,0,1,0,0,0
0,1,male,0.7832146175286466,0,1,0.2464966537783671,C,Mr,2,0,4,4,1,0,0,1,0,0,1,0,1,0,0,0
1,3,female,0.24125116135026325,0,0,0.031056653926154892,Q,Miss,1,1,0,0,0,1,0,0,1,1,0,0,0,1,0,0
0,3,male,0.45803654382161657,0,0,0.03232850970550048,S,Mr,1,1,2,1,1,0,1,0,0,1,0,0,1,0,0,0
0,3,male,0.3806131929389904,0,0,0.034788287617875516,S,Mr,1,1,1,1,1,0,1,0,0,1,0,0,1,0,0,0
0,3,male,0.3806131929389904,8,2,0.279310291927647,S,Master,11,0,1,4,1,0,1,0,0,1,0,0,0,0,1,0
0,3,male,0.67482192629297,0,1,0.06465701941100097,S,Mr,2,0,4,2,1,0,1,0,0,1,0,0,1,0,0,0
1,2,female,0.612883245586869,0,0,0.06325143203250094,S,Mr,1,1,3,2,0,1,1,0,0,0,0,1,1,0,0,0
0,3,male,0.39609786311551565,0,0,0.031224119622393326,S,Mr,1,1,2,0,1,0,1,0,0,1,0,0,1,0,0,0
0,3,male,0.25673583152678847,0,0,0.034788287617875516,S,Mr,1,1,0,1,1,0,1,0,0,1,0,0,1,0,0,0
0,3,male,0.00898110870238464,4,1,0.15938356881205595,S,Master,6,0,0,3,1,0,1,0,0,1,0,0,0,0,1,0
1,3,male,0.13285847011458657,0,2,0.0824276598391798,S,Master,3,0,0,2,1,0,1,0,0,1,0,0,0,0,1,0
1,1,female,0.5354598947042428,0,1,0.22087801662143186,S,Mr,2,0,3,4,0,1,1,0,0,0,1,0,1,0,0,0
0,3,female,0.6903065964694952,1,4,0.11204539388614453,S,Mr,6,0,4,3,0,1,1,0,0,1,0,0,1,0,0,0
0,1,male,0.612883245586869,0,0,0.10411386510746584,S,Mr,1,1,3,3,1,0,1,0,0,0,1,0,1,0,0,0
0,3,male,0.4270672034685661,0,0,0.22688509548074712,S,Mr,1,1,2,4,1,0,1,0,0,1,0,0,1,0,0,0
0,1,male,0.938061319293899,0,0,0.13453479194214488,S,Mr,1,1,4,3,1,0,1,0,0,0,1,0,1,0,0,0
0,3,male,0.05543511923196036,4,1,0.1169649497108946,Q,Master,6,0,0,3,1,0,0,0,1,1,0,0,0,0,1,0
1,3,female,0.00898110870238464,1,1,0.044710931317297954,S,Miss,3,0,0,2,0,1,1,0,0,1,0,0,0,1,0,0
0,1,male,0.8606379684112728,0,0,0.12327322586560269,C,Mr,1,1,4,3,1,0,0,1,0,0,1,0,1,0,0,0
0,3,male,0.2722205017033137,1,1,0.031542183966328186,S,Mr,3,0,0,0,1,0,1,0,0,1,0,0,1,0,0,0
0,3,male,0.3806131929389904,3,1,0.10227334883441852,S,Master,5,0,1,3,1,0,1,0,0,1,0,0,0,0,1,0
0,1,female,0.7677299473521214,0,0,0.11530836458623386,C,Miss,1,1,4,3,0,1,0,1,0,0,1,0,0,1,0,0
0,2,male,0.45803654382161657,0,0,0.052207531201429354,S,Mr,1,1,2,2,1,0,1,0,0,0,0,1,1,0,0,0
0,3,male,0.550944564880768,0,0,0.0,S,Mr,1,1,3,0,1,0,1,0,0,1,0,0,1,0,0,0
0,3,female,0.32641684732115206,8,2,0.279310291927647,S,Miss,11,0,1,4,0,1,1,0,0,1,0,0,0,1,0,0
0,2,male,0.45803654382161657,0,0,0.060440257275500904,C,Mr,1,1,2,2,1,0,0,1,0,0,0,1,1,0,0,0
0,3,male,0.13285847011458657,4,2,0.1260510681219126,S,Master,7,0,0,3,1,0,1,0,0,1,0,0,0,0,1,0
1,2,male,0.00898110870238464,2,1,0.15662259360428807,S,Master,4,0,0,3,1,0,1,0,0,0,0,1,0,0,1,0
1,3,female,0.05543511923196036,0,2,0.08845160574703703,S,Miss,3,0,0,3,0,1,1,0,0,1,0,0,0,1,0,0
0,1,male,0.612883245586869,0,0,0.20079819692857442,S,Mr,1,1,3,4,1,0,1,0,0,0,1,0,1,0,0,0
1,3,female,0.32641684732115206,1,0,0.06224744104785807,Q,Mr,2,0,1,2,0,1,0,0,1,1,0,0,1,0,0,0
1,1,male,0.6903065964694952,0,0,0.10662384256907302,S,Mr,1,1,4,3,1,0,1,0,0,0,1,0,1,0,0,0
0,3,male,0.612883245586869,1,1,0.06224744104785807,Q,Mr,3,0,3,2,1,0,0,0,1,1,0,0,1,0,0,0
0,3,male,0.550944564880768,0,0,0.031709248066172764,S,Mr,1,1,3,1,1,0,1,0,0,1,0,0,1,0,0,0
1,2,female,0.48900588417466706,0,0,0.052207531201429354,S,Mr,1,1,3,2,0,1,1,0,0,0,0,1,1,0,0,0
0,2,male,0.28770517187983896,0,0,0.052207531201429354,S,Mr,1,1,0,2,1,0,1,0,0,0,0,1,1,0,0,0
1,3,female,0.28770517187983896,1,0,0.031542183966328186,S,Miss,2,0,0,0,0,1,1,0,0,1,0,0,0,1,0,0
1,2,male,0.03995044905543512,1,1,0.10441506240285871,S,Master,3,0,0,3,1,0,1,0,0,0,0,1,0,0,1,0
1,1,female,0.67482192629297,0,0,0.11132573314835252,C,Mr,1,1,4,3,0,1,0,1,0,0,1,0,1,0,0,0
1,1,female,0.8916073087643234,0,0,0.5884222490506454,C,Miss,1,1,4,4,0,1,0,1,0,0,1,0,0,1,0,0
0,3,male,0.6438525859399195,0,1,0.0337509641325425,S,Mr,2,0,4,1,1,0,1,0,0,1,0,0,1,0,0,0
0,2,female,0.36512852276246516,0,0,0.052207531201429354,S,Mr,1,1,1,2,0,1,1,0,0,0,0,1,1,0,0,0
0,3,male,0.4270672034685661,0,0,0.03815165741642914,S,Mr,1,1,2,1,1,0,1,0,0,1,0,0,1,0,0,0
0,3,male,0.3806131929389904,8,2,0.279310291927647,S,Mr,11,0,1,4,1,0,1,0,0,1,0,0,1,0,0,0
0,3,male,0.5199752245277175,0,0,0.026086898552172676,S,Mr,1,1,3,0,1,0,1,0,0,1,0,0,1,0,0,0
0,3,male,0.6980489315577578,0,0,0.029015339456179005,C,Mr,1,1,4,0,1,0,0,1,0,1,0,0,1,0,0,0
1,3,male,0.2722205017033137,0,0,0.03232850970550048,S,Mr,1,1,0,1,1,0,1,0,0,1,0,0,1,0,0,0
0,3,female,0.02446577887890988,0,1,0.0420170227073042,S,Miss,2,0,0,1,0,1,1,0,0,1,0,0,0,1,0,0
0,3,male,0.48900588417466706,1,0,0.06365302842635809,S,Mr,2,0,3,2,1,0,1,0,0,1,0,0,1,0,0,0
1,3,male,0.39609786311551565,0,0,0.07544992249591184,C,Mr,1,1,2,2,1,0,0,1,0,1,0,0,1,0,0,0
1,3,female,0.24125116135026325,0,0,0.031123720523929036,Q,Miss,1,1,0,0,0,1,0,0,1,1,0,0,0,1,0,0
1,1,male,0.612883245586869,0,0,0.12449488209571614,C,Mr,1,1,3,3,1,0,0,1,0,0,1,0,1,0,0,0
0,3,male,0.36512852276246516,0,0,0.028312545766928994,S,Mr,1,1,1,0,1,0,1,0,0,1,0,0,1,0,0,0
1,2,female,0.5354598947042428,0,0,0.08433524271000126,S,Miss,1,1,3,2,0,1,1,0,0,0,0,1,0,1,0,0
0,3,male,0.33415918240941467,0,0,0.029115738554643292,S,Mr,1,1,1,0,1,0,1,0,0,1,0,0,1,0,0,0
0,3,male,0.3806131929389904,1,0,0.031123720523929036,Q,Mr,2,0,1,0,1,0,0,0,1,1,0,0,1,0,0,0
1,1,female,0.47352121399814184,1,0,0.4549083151416854,C,Miss,2,0,3,4,0,1,0,1,0,0,1,0,0,1,0,0
1,3,female,0.41158253329204086,0,0,0.031826514213179044,S,Miss,1,1,2,1,0,1,1,0,0,1,0,0,0,1,0,0
0,2,male,0.6438525859399195,1,0,0.10843102634143019,S,Mr,2,0,4,3,1,0,1,0,0,0,0,1,1,0,0,0
1,1,female,0.48900588417466706,0,0,0.3063847160123145,C,Miss,1,1,3,4,0,1,0,1,0,0,1,0,0,1,0,0
0,2,male,0.45803654382161657,0,0,0.04216762135500063,S,Mr,1,1,2,1,1,0,1,0,0,0,0,1,1,0,0,0
1,3,male,0.24125116135026325,0,0,0.03232850970550048,S,Mr,1,1,0,1,1,0,1,0,0,1,0,0,1,0,0,0
0,2,male,0.41158253329204086,0,0,0.052207531201429354,S,Mr,1,1,2,2,1,0,1,0,0,0,0,1,1,0,0,0
0,3,male,0.7832146175286466,0,0,0.03232850970550048,S,Mr,1,1,4,1,1,0,1,0,0,1,0,0,1,0,0,0
1,1,male,0.5819139052338185,1,0,0.361436754471434,S,Mr,2,0,3,4,1,0,1,0,0,0,1,0,1,0,0,0
0,3,male,0.33415918240941467,0,0,0.037549262825643415,S,Mr,1,1,1,1,1,0,1,0,0,1,0,0,1,0,0,0
1,2,male,0.28770517187983896,0,0,0.04216762135500063,S,Mr,1,1,0,1,1,0,1,0,0,0,0,1,1,0,0,0
0,3,male,0.3109321771446268,0,0,0.029115738554643292,S,Mr,1,1,1,0,1,0,1,0,0,1,0,0,1,0,0,0
0,2,male,0.2722205017033137,0,0,0.052207531201429354,S,Mr,1,1,0,2,1,0,1,0,0,0,0,1,1,0,0,0
0,3,female,0.32641684732115206,3,1,0.10227334883441852,S,Miss,5,0,1,3,0,1,1,0,0,1,0,0,0,1,0,0
1,1,female,0.5354598947042428,1,0,0.335232589772255,S,Mr,2,0,3,4,0,1,1,0,0,0,1,0,1,0,0,0
0,3,male,0.44255187364509135,0,0,0.031224119622393326,S,Mr,1,1,2,0,1,0,1,0,0,1,0,0,1,0,0,0
0,2,male,0.9070919789408486,0,0,0.054215513170715095,S,Mr,1,1,4,2,1,0,1,0,0,0,0,1,1,0,0,0
1,3,female,0.0709197894084856,4,2,0.1260510681219126,S,Miss,7,0,0,3,0,1,1,0,0,1,0,0,0,1,0,0
0,2,male,0.36512852276246516,0,0,0.04216762135500063,S,Mr,1,1,1,1,1,0,1,0,0,0,0,1,1,0,0,0
0,3,female,0.32641684732115206,0,0,0.03032052773621474,S,Miss,1,1,1,0,0,1,1,0,0,1,0,0,0,1,0,0
0,2,male,0.67482192629297,1,0,0.10441506240285871,S,Mr,2,0,4,3,1,0,1,0,0,0,0,1,1,0,0,0
1,2,female,0.11737379993806132,0,2,0.10541905338750157,S,Miss,3,0,0,3,0,1,1,0,0,0,0,1,0,1,0,0
0,2,male,0.28770517187983896,0,0,0.04216762135500063,S,Mr,1,1,0,1,1,0,1,0,0,0,0,1,1,0,0,0
0,2,male,0.5044905543511923,0,0,0.04929595734596502,S,Mr,1,1,3,2,1,0,1,0,0,0,0,1,1,0,0,0
0,3,female,0.32641684732115206,1,0,0.05804754596090001,C,Miss,2,0,1,2,0,1,0,1,0,1,0,0,0,1,0,0
1,3,female,0.32641684732115206,1,0,0.06224744104785807,Q,Miss,2,0,1,2,0,1,0,0,1,1,0,0,0,1,0,0
0,2,male,0.44255187364509135,0,0,0.04216762135500063,S,Mr,1,1,2,1,1,0,1,0,0,0,0,1,1,0,0,0
0,3,male,0.33415918240941467,0,0,0.028613743062321857,S,Mr,1,1,1,0,1,0,1,0,0,1,0,0,1,0,0,0
0,3,male,0.45803654382161657,0,0,0.029015339456179005,C,Mr,1,1,2,0,1,0,0,1,0,1,0,0,1,0,0,0
0,1,male,0.67482192629297,2,0,0.361436754471434,Q,rare,3,0,4,4,1,0,0,0,1,0,1,0,0,0,0,1
0,3,female,0.3806131929389904,0,0,0.031224119622393326,S,Miss,1,1,1,0,0,1,1,0,0,1,0,0,0,1,0,0
1,2,female,0.36512852276246516,0,2,0.058231477109286583,S,Mr,3,0,1,2,0,1,1,0,0,0,0,1,1,0,0,0
1,1,male,0.5664292350572933,1,1,0.21105577202047374,S,Mr,3,0,3,4,1,0,1,0,0,0,1,0,1,0,0,0
0,2,male,0.8296686280582224,1,0,0.10441506240285871,S,rare,2,0,4,3,1,0,1,0,0,0,0,1,0,0,0,1
0,3,male,0.3806131929389904,0,0,0.029115738554643292,S,Mr,1,1,1,0,1,0,1,0,0,1,0,0,1,0,0,0
0,3,female,0.44255187364509135,1,1,0.0420170227073042,S,Mr,3,0,2,1,0,1,1,0,0,1,0,0,1,0,0,0
0,1,male,0.9535459894704242,0,0,0.10662384256907302,S,Mr,1,1,4,3,1,0,1,0,0,0,1,0,1,0,0,0
0,3,male,0.45803654382161657,1,0,0.06465701941100097,S,Mr,2,0,2,2,1,0,1,0,0,1,0,0,1,0,0,0
0,3,female,0.6283679157633942,0,2,0.08117267110837621,S,Mr,3,0,4,2,0,1,1,0,0,1,0,0,1,0,0,0
1,3,female,0.44255187364509135,0,2,0.061226583014673194,C,Mr,3,0,2,2,0,1,0,1,0,1,0,0,1,0,0,0
1,1,female,0.5354598947042428,0,0,0.3180643439348619,C,Mr,1,1,3,4,0,1,0,1,0,0,1,0,1,0,0,0
1,1,female,0.45803654382161657,0,0,0.34738088068643375,S,Miss,1,1,2,4,0,1,1,0,0,0,1,0,0,1,0,0
1,1,female,0.5354598947042428,0,0,1.0,C,Miss,1,1,3,4,0,1,0,1,0,0,1,0,0,1,0,0
1,2,female,0.7677299473521214,0,1,0.10441506240285871,S,Mr,2,0,4,3,0,1,1,0,0,0,0,1,1,0,0,0
1,3,male,0.03995044905543512,4,2,0.1260510681219126,S,Master,7,0,0,3,1,0,1,0,0,1,0,0,0,0,1,0
0,1,male,0.7986992877051718,1,1,0.3198715277072191,S,Mr,3,0,4,4,1,0,1,0,0,0,1,0,1,0,0,0
0,1,male,0.612883245586869,0,0,0.0,S,Mr,1,1,3,0,1,0,1,0,0,0,1,0,1,0,0,0
0,3,female,0.32641684732115206,0,0,0.031123720523929036,Q,Miss,1,1,1,0,0,1,0,0,1,1,0,0,0,1,0,0
0,2,male,0.550944564880768,0,0,0.04216762135500063,S,Mr,1,1,3,1,1,0,1,0,0,0,0,1,1,0,0,0
0,3,male,0.24125116135026325,4,1,0.15938356881205595,S,Mr,6,0,0,3,1,0,1,0,0,1,0,0,1,0,0,0
1,3,male,0.3806131929389904,1,0,0.031224119622393326,S,Mr,2,0,1,0,1,0,1,0,0,1,0,0,1,0,0,0
1,1,female,0.8916073087643234,0,1,0.6162998659230271,S,Mr,2,0,4,4,0,1,1,0,0,0,1,0,1,0,0,0
1,1,female,0.5354598947042428,0,0,0.5446984416694483,S,Miss,1,1,3,4,0,1,1,0,0,0,1,0,0,1,0,0
0,1,male,0.612883245586869,0,0,0.12449488209571614,S,Mr,1,1,3,3,1,0,1,0,0,0,1,0,1,0,0,0
1,3,male,0.3806131929389904,0,0,0.0,S,Mr,1,1,1,0,1,0,1,0,0,1,0,0,1,0,0,0
1,2,female,0.6283679157633942,0,1,0.07831129680214403,S,Mr,2,0,4,2,0,1,1,0,0,0,0,1,1,0,0,0
0,1,male,0.5664292350572933,0,1,0.11927412897557321,C,Mr,2,0,3,3,1,0,0,1,0,0,1,0,1,0,0,0
1,1,female,0.9690306596469496,1,0,0.31307772151233765,S,Miss,2,0,4,4,0,1,1,0,0,0,1,0,0,1,0,0
0,3,female,0.6903065964694952,0,0,0.031123720523929036,S,Miss,1,1,4,0,0,1,1,0,0,1,0,0,0,1,0,0
0,2,male,0.45803654382161657,0,0,0.0,S,Mr,1,1,2,0,1,0,1,0,0,0,0,1,1,0,0,0
0,3,male,0.10188912976153608,4,1,0.1169649497108946,Q,Master,6,0,0,3,1,0,0,0,1,1,0,0,0,0,1,0
1,3,female,0.5354598947042428,1,1,0.08132326975607264,S,Mr,3,0,3,2,0,1,1,0,0,1,0,0,1,0,0,0
0,3,male,0.4270672034685661,0,0,0.031542183966328186,S,Mr,1,1,2,0,1,0,1,0,0,1,0,0,1,0,0,0
0,3,male,0.24125116135026325,0,0,0.03815165741642914,S,Mr,1,1,0,1,1,0,1,0,0,1,0,0,1,0,0,0
1,3,male,0.28770517187983896,0,0,0.03232850970550048,S,Mr,1,1,0,1,1,0,1,0,0,1,0,0,1,0,0,0
0,1,male,0.612883245586869,0,0,0.10441506240285871,S,Mr,1,1,3,3,1,0,1,0,0,0,1,0,1,0,0,0
0,3,male,0.5044905543511923,0,0,0.034788287617875516,C,Mr,1,1,3,1,1,0,0,1,0,1,0,0,1,0,0,0
1,3,male,0.45803654382161657,0,0,0.03815165741642914,S,Mr,1,1,2,1,1,0,1,0,0,1,0,0,1,0,0,0
0,3,male,0.33415918240941467,0,0,0.031709248066172764,S,Mr,1,1,1,1,1,0,1,0,0,1,0,0,1,0,0,0
1,2,male,0.6438525859399195,0,0,0.052207531201429354,S,Mr,1,1,4,2,1,0,1,0,0,0,0,1,1,0,0,0
1,3,female,0.33415918240941467,0,0,0.031123720523929036,Q,Miss,1,1,1,0,0,1,0,0,1,1,0,0,0,1,0,0
1,1,female,0.39609786311551565,0,0,0.31665875655636183,S,Miss,1,1,2,4,0,1,1,0,0,0,1,0,0,1,0,0
1,1,female,0.28770517187983896,1,0,0.3657707827539403,C,Mr,2,0,0,4,0,1,0,1,0,0,1,0,1,0,0,0
0,2,male,0.550944564880768,0,0,0.051705535709107915,C,Mr,1,1,3,2,1,0,0,1,0,0,0,1,1,0,0,0
0,3,female,0.36512852276246516,0,0,0.035541280856357674,S,Miss,1,1,1,1,0,1,1,0,0,1,0,0,0,1,0,0
0,3,male,0.36512852276246516,0,0,0.031709248066172764,S,Mr,1,1,1,1,1,0,1,0,0,1,0,0,1,0,0,0
0,3,male,0.35738618767420255,0,0,0.029032206504721002,C,Mr,1,1,1,0,1,0,0,1,0,1,0,0,1,0,0,0
0,1,female,0.02446577887890988,1,2,0.6086193348905091,S,Miss,4,0,0,4,0,1,1,0,0,0,1,0,0,1,0,0
1,1,male,0.612883245586869,0,0,0.1224869001264304,S,Mr,1,1,3,3,1,0,1,0,0,0,1,0,1,0,0,0
1,1,female,0.7677299473521214,0,1,0.9940346068463658,C,Mr,2,0,4,4,0,1,0,1,0,0,1,0,1,0,0,0
1,3,male,0.3806131929389904,2,0,0.09337116157178711,Q,Mr,3,0,1,3,1,0,0,0,1,1,0,0,1,0,0,0
0,3,male,0.28770517187983896,0,0,0.0,S,Mr,1,1,0,0,1,0,1,0,0,1,0,0,1,0,0,0
1,2,female,0.4270672034685661,0,0,0.04959715464135788,Q,Miss,1,1,2,2,0,1,0,0,1,0,0,1,0,1,0,0
1,1,male,0.00774233508826262,1,2,0.6086193348905091,S,Master,4,0,0,4,1,0,1,0,0,0,1,0,0,0,1,0
1,1,female,0.5354598947042428,0,0,0.44530333418980395,C,Miss,1,1,3,4,0,1,0,1,0,0,1,0,0,1,0,0
1,1,female,0.25673583152678847,1,0,0.43733847291043515,C,Mr,2,0,0,4,0,1,0,1,0,0,1,0,1,0,0,0
0,2,male,0.45803654382161657,1,0,0.09638313452571573,C,Mr,2,0,2,3,1,0,0,1,0,0,0,1,1,0,0,0
1,1,female,0.45803654382161657,0,0,0.228625614251724,C,Miss,1,1,2,4,0,1,0,1,0,0,1,0,0,1,0,0
1,1,female,0.36512852276246516,0,0,0.33396073399290943,C,Miss,1,1,1,4,0,1,0,1,0,0,1,0,0,1,0,0
1,1,female,0.2722205017033137,2,2,1.0,C,Miss,5,0,0,4,0,1,0,1,0,0,1,0,0,1,0,0
0,2,female,0.39609786311551565,1,1,0.10441506240285871,S,Mr,3,0,2,3,0,1,1,0,0,0,0,1,1,0,0,0
0,2,male,0.6593372561164447,1,1,0.10541905338750157,S,Mr,3,0,4,3,1,0,1,0,0,0,0,1,1,0,0,0
1,3,female,0.39609786311551565,0,0,0.031542183966328186,S,Miss,1,1,2,0,0,1,1,0,0,1,0,0,0,1,0,0
1,2,female,0.36512852276246516,1,0,0.10441506240285871,S,Mr,2,0,1,3,0,1,1,0,0,0,0,1,1,0,0,0
0,2,male,0.8296686280582224,0,0,0.05622349514000084,S,rare,1,1,4,2,1,0,1,0,0,0,0,1,0,0,0,1
1,1,female,0.47352121399814184,0,2,0.662098721871284,S,Miss,3,0,3,4,0,1,1,0,0,0,1,0,0,1,0,0
1,1,female,0.612883245586869,1,1,0.5401471497378653,C,Mr,3,0,3,4,0,1,0,1,0,0,1,0,1,0,0,0
0,3,male,0.41158253329204086,0,0,0.031709248066172764,S,Mr,1,1,2,1,1,0,1,0,0,1,0,0,1,0,0,0
1,2,female,0.45803654382161657,0,0,0.04959715464135788,Q,Miss,1,1,2,2,0,1,0,0,1,0,0,1,0,1,0,0
1,2,female,0.33415918240941467,1,1,0.11646295421857317,S,Mr,3,0,1,3,0,1,1,0,0,0,0,1,1,0,0,0
1,1,female,0.550944564880768,0,0,0.5446984416694483,C,Miss,1,1,3,4,0,1,0,1,0,0,1,0,0,1,0,0
0,3,male,0.938061319293899,0,0,0.02504957506683966,S,Mr,1,1,4,0,1,0,1,0,0,1,0,0,1,0,0,0
1,2,female,0.550944564880768,0,0,0.052207531201429354,S,Mr,1,1,3,2,0,1,1,0,0,0,0,1,1,0,0,0
1,3,female,0.47352121399814184,1,1,0.0824276598391798,S,Mr,3,0,3,2,0,1,1,0,0,1,0,0,1,0,0,0
1,1,female,0.24125116135026325,0,1,0.23284237638722405,C,Miss,2,0,0,4,0,1,0,1,0,0,1,0,0,1,0,0
1,3,female,0.32641684732115206,2,0,0.09337116157178711,Q,Miss,3,0,1,3,0,1,0,0,1,1,0,0,0,1,0,0
0,1,male,0.6980489315577578,0,0,0.11445497224928743,S,Mr,1,1,4,3,1,0,1,0,0,0,1,0,1,0,0,0
0,1,male,0.5819139052338185,0,1,0.6162998659230271,S,Mr,2,0,3,4,1,0,1,0,0,0,1,0,1,0,0,0
0,3,male,0.24125116135026325,2,0,0.0722873508942868,S,Mr,3,0,0,2,1,0,1,0,0,1,0,0,1,0,0,0
1,1,female,0.5354598947042428,1,0,0.5367335803900795,S,Mr,2,0,3,4,0,1,1,0,0,0,1,0,1,0,0,0
0,1,male,0.44255187364509135,1,0,0.2674631983088611,S,Mr,2,0,2,4,1,0,1,0,0,0,1,0,1,0,0,0
1,1,female,0.6283679157633942,0,0,0.5401471497378653,C,Miss,1,1,4,4,0,1,0,1,0,0,1,0,0,1,0,0
1,3,male,0.6903065964694952,0,0,0.03232850970550048,S,Mr,1,1,4,1,1,0,1,0,0,1,0,0,1,0,0,0
0,1,male,0.6903065964694952,0,0,0.14256671981928784,S,Mr,1,1,4,3,1,0,1,0,0,0,1,0,1,0,0,0
1,2,male,0.02446577887890988,1,1,0.10441506240285871,S,Master,3,0,0,3,1,0,1,0,0,0,0,1,0,0,1,0
1,1,female,0.36512852276246516,3,2,1.0,S,Miss,6,0,1,4,0,1,1,0,0,0,1,0,0,1,0,0
0,2,male,0.4270672034685661,0,0,0.052207531201429354,S,Mr,1,1,2,2,1,0,1,0,0,0,0,1,1,0,0,0
0,2,male,0.550944564880768,0,0,0.052207531201429354,S,Mr,1,1,3,2,1,0,1,0,0,0,0,1,1,0,0,0
1,2,female,0.36512852276246516,0,0,0.052207531201429354,S,Miss,1,1,1,2,0,1,1,0,0,0,0,1,0,1,0,0
1,2,female,0.612883245586869,0,0,0.052207531201429354,S,Miss,1,1,3,2,0,1,1,0,0,0,0,1,0,1,0,0
1,3,female,0.32641684732115206,1,0,0.06465701941100097,S,Mr,2,0,1,2,0,1,1,0,0,1,0,0,1,0,0,0
1,3,male,0.03995044905543512,1,1,0.06385382662328667,S,Master,3,0,0,2,1,0,1,0,0,1,0,0,0,0,1,0
0,3,male,0.6438525859399195,0,0,0.034788287617875516,S,Mr,1,1,4,1,1,0,1,0,0,1,0,0,1,0,0,0
0,3,male,0.3496438525859399,0,0,0.03704726733332198,S,Mr,1,1,1,1,1,0,1,0,0,1,0,0,1,0,0,0
0,1,male,0.612883245586869,0,0,0.1405587378500021,S,Mr,1,1,3,3,1,0,1,0,0,0,1,0,1,0,0,0
0,3,male,0.225766491173738,1,1,0.029032206504721002,C,Mr,3,0,0,0,1,0,0,1,0,1,0,0,1,0,0,0
0,3,male,0.3806131929389904,1,0,0.0714841581065725,S,Mr,2,0,1,2,1,0,1,0,0,1,0,0,1,0,0,0
1,1,female,0.33415918240941467,0,1,0.22087801662143186,S,Miss,2,0,1,4,0,1,1,0,0,0,1,0,0,1,0,0
0,2,female,0.5819139052338185,0,0,0.052207531201429354,S,Miss,1,1,3,2,0,1,1,0,0,0,0,1,0,1,0,0
0,3,male,0.612883245586869,1,4,0.11204539388614453,S,Mr,6,0,3,3,1,0,1,0,0,1,0,0,1,0,0,0
0,2,male,0.44255187364509135,1,0,0.11132573314835252,C,Mr,2,0,2,3,1,0,0,1,0,0,0,1,1,0,0,0
0,3,female,0.6903065964694952,0,1,0.05804754596090001,C,Mr,2,0,4,2,0,1,0,1,0,1,0,0,1,0,0,0
0,3,male,0.5354598947042428,0,0,0.028312545766928994,S,Mr,1,1,3,0,1,0,1,0,0,1,0,0,1,0,0,0
0,3,male,0.45803654382161657,0,0,0.029115738554643292,S,Mr,1,1,2,0,1,0,1,0,0,1,0,0,1,0,0,0
1,1,female,0.9225766491173738,1,0,0.30220128637750454,C,Mr,2,0,4,4,0,1,0,1,0,0,1,0,1,0,0,0
1,3,female,0.32641684732115206,0,0,0.029032206504721002,C,Mr,1,1,1,0,0,1,0,1,0,1,0,0,1,0,0,0
1,1,female,0.36512852276246516,0,0,0.2783063009430041,C,rare,1,1,1,4,0,1,0,1,0,0,1,0,0,0,0,1
1,1,male,0.3806131929389904,1,0,0.22265186789309888,C,Mr,2,0,1,4,1,0,0,1,0,0,1,0,1,0,0,0
0,3,male,0.2722205017033137,1,0,0.026086898552172676,S,Mr,2,0,0,0,1,0,1,0,0,1,0,0,1,0,0,0
0,3,male,0.28770517187983896,0,0,0.03232850970550048,S,Mr,1,1,0,1,1,0,1,0,0,1,0,0,1,0,0,0
0,1,male,0.33415918240941467,0,0,0.5446984416694483,C,Mr,1,1,1,4,1,0,0,1,0,0,1,0,1,0,0,0
0,3,female,0.03995044905543512,3,1,0.08463644000539412,S,Miss,5,0,0,2,0,1,1,0,0,1,0,0,0,1,0,0
1,1,female,0.5354598947042428,1,0,0.32999496960357005,C,Mr,2,0,3,4,0,1,0,1,0,0,1,0,1,0,0,0
1,3,female,0.33415918240941467,0,0,0.029115738554643292,S,Miss,1,1,1,0,0,1,1,0,0,1,0,0,0,1,0,0
0,1,male,0.41158253329204086,0,2,0.8493763730078698,C,Mr,3,0,2,4,1,0,0,1,0,0,1,0,1,0,0,0
0,3,male,0.3031898420563642,0,0,0.016114055303518098,C,Mr,1,1,0,0,1,0,0,1,0,1,0,0,1,0,0,0
0,3,male,0.28770517187983896,0,0,0.031224119622393326,S,Mr,1,1,0,0,1,0,1,0,0,1,0,0,1,0,0,0
1,1,female,0.6438525859399195,0,0,0.9137321951234779,C,Miss,1,1,4,4,0,1,0,1,0,0,1,0,0,1,0,0
1,3,female,0.00898110870238464,0,2,0.0632180995318108,C,Miss,3,0,0,2,0,1,0,1,0,1,0,0,0,1,0,0
0,3,male,0.48900588417466706,0,0,0.031826514213179044,S,Mr,1,1,3,1,1,0,1,0,0,1,0,0,1,0,0,0
1,1,female,0.5354598947042428,1,0,0.20883012480571742,S,Mr,2,0,3,4,0,1,1,0,0,0,1,0,1,0,0,0
0,2,male,0.2722205017033137,0,0,0.2951733494850044,S,Mr,1,1,0,4,1,0,1,0,0,0,0,1,1,0,0,0
0,3,male,0.00898110870238464,5,2,0.1883487087190028,S,Master,8,0,0,4,1,0,1,0,0,1,0,0,0,0,1,0
1,2,female,0.550944564880768,0,0,0.052207531201429354,S,Miss,1,1,3,2,0,1,1,0,0,0,0,1,0,1,0,0
0,3,male,0.3806131929389904,0,0,0.031040188474006747,Q,Mr,1,1,1,0,1,0,0,0,1,1,0,0,1,0,0,0
1,2,female,0.25673583152678847,0,0,0.048191567262857865,C,Miss,1,1,0,2,0,1,0,1,0,0,0,1,0,1,0,0
1,1,male,0.550944564880768,1,2,0.48191567262857865,S,Mr,4,0,3,4,1,0,1,0,0,0,1,0,1,0,0,0
1,3,male,0.3186745122328894,0,0,0.03130765167231561,S,Mr,1,1,1,0,1,0,1,0,0,1,0,0,1,0,0,0
0,3,male,0.4270672034685661,2,0,0.031826514213179044,S,Mr,3,0,2,1,1,0,1,0,0,1,0,0,1,0,0,0
1,1,female,0.3496438525859399,1,0,0.4549083151416854,C,Miss,2,0,1,4,0,1,0,1,0,0,1,0,0,1,0,0
1,3,female,0.36512852276246516,0,2,0.06706659777414385,S,Mr,3,0,1,2,0,1,1,0,0,1,0,0,1,0,0,0
0,3,male,0.33415918240941467,0,0,0.03130765167231561,S,Mr,1,1,1,0,1,0,1,0,0,1,0,0,1,0,0,0
0,3,female,0.47352121399814184,0,0,0.031542183966328186,S,Miss,1,1,3,0,0,1,1,0,0,1,0,0,0,1,0,0
0,2,male,0.7057912666460204,0,0,0.10441506240285871,S,Mr,1,1,4,3,1,0,1,0,0,0,0,1,1,0,0,0
0,2,male,0.3496438525859399,0,0,0.04216762135500063,S,rare,1,1,1,1,1,0,1,0,0,0,0,1,0,0,0,1
1,2,female,0.4270672034685661,0,0,0.05080194382292933,S,Mr,1,1,2,2,0,1,1,0,0,0,0,1,1,0,0,0
1,3,male,0.5973985754103438,0,0,0.031826514213179044,S,Mr,1,1,3,1,1,0,1,0,0,1,0,0,1,0,0,0
0,3,male,0.39609786311551565,0,0,0.03232850970550048,S,Mr,1,1,2,1,1,0,1,0,0,1,0,0,1,0,0,0
0,3,female,0.3186745122328894,1,0,0.03945684569646487,S,Miss,2,0,1,1,0,1,1,0,0,1,0,0,0,1,0,0
0,3,male,0.4270672034685661,1,0,0.06365302842635809,S,Mr,2,0,2,2,1,0,1,0,0,1,0,0,1,0,0,0
0,3,female,0.3031898420563642,0,0,0.034788287617875516,S,Miss,1,1,0,1,0,1,1,0,0,1,0,0,0,1,0,0
0,2,male,0.5199752245277175,1,0,0.08433524271000126,S,Mr,2,0,3,2,1,0,1,0,0,0,0,1,1,0,0,0
0,3,male,0.7832146175286466,0,0,0.031123720523929036,S,Mr,1,1,4,0,1,0,1,0,0,1,0,0,1,0,0,0
1,2,male,0.03995044905543512,1,1,0.07529932384821542,S,Master,3,0,0,2,1,0,1,0,0,0,0,1,0,0,1,0
0,3,male,0.3186745122328894,0,0,0.031224119622393326,S,Mr,1,1,1,0,1,0,1,0,0,1,0,0,1,0,0,0
0,3,male,0.3806131929389904,0,0,0.02754268547990484,Q,Mr,1,1,1,0,1,0,0,0,1,1,0,0,1,0,0,0
1,1,female,0.5044905543511923,1,0,0.361436754471434,Q,Miss,2,0,3,4,0,1,0,0,1,0,1,0,0,1,0,0
1,3,male,0.67482192629297,0,0,0.031826514213179044,S,Mr,1,1,4,1,1,0,1,0,0,1,0,0,1,0,0,0
0,3,female,0.32641684732115206,0,0,0.03232850970550048,S,Mr,1,1,1,1,0,1,1,0,0,1,0,0,1,0,0,0
1,2,female,0.5199752245277175,1,1,0.13051882800357337,S,Mr,3,0,3,3,0,1,1,0,0,0,0,1,1,0,0,0
1,2,female,0.2722205017033137,0,2,0.052207531201429354,S,Miss,3,0,0,2,0,1,1,0,0,0,0,1,0,1,0,0
0,3,female,0.1483431402911118,0,2,0.09698552911650145,S,Miss,3,0,0,3,0,1,1,0,0,1,0,0,0,1,0,0
0,3,male,0.3186745122328894,0,0,0.031056653926154892,Q,Mr,1,1,1,0,1,0,0,0,1,1,0,0,1,0,0,0
0,3,male,0.44255187364509135,0,0,0.03162571601625047,S,Mr,1,1,2,1,1,0,1,0,0,1,0,0,1,0,0,0
0,3,female,0.4270672034685661,1,1,0.05782988071542944,S,Mr,3,0,2,2,0,1,1,0,0,1,0,0,1,0,0,0
0,3,male,0.2722205017033137,1,1,0.08117267110837621,S,Mr,3,0,0,2,1,0,1,0,0,1,0,0,1,0,0,0
1,2,female,0.4270672034685661,1,0,0.10441506240285871,S,Mr,2,0,2,3,0,1,1,0,0,0,0,1,1,0,0,0
1,2,female,0.28770517187983896,0,0,0.10441506240285871,S,Mr,1,1,0,3,0,1,1,0,0,0,0,1,1,0,0,0
1,3,male,0.48900588417466706,0,0,0.03232850970550048,S,Mr,1,1,3,1,1,0,1,0,0,1,0,0,1,0,0,0
1,1,male,0.4270672034685661,0,0,0.10662384256907302,S,Mr,1,1,2,3,1,0,1,0,0,0,1,0,1,0,0,0
1,2,female,0.6438525859399195,1,0,0.10441506240285871,S,Mr,2,0,4,3,0,1,1,0,0,0,0,1,1,0,0,0
0,3,male,0.25673583152678847,0,0,0.028613743062321857,S,Mr,1,1,0,0,1,0,1,0,0,1,0,0,1,0,0,0
0,1,male,0.7677299473521214,1,0,0.2244923841661462,S,Mr,2,0,4,4,1,0,1,0,0,0,1,0,1,0,0,0
1,1,female,0.21028182099721276,1,2,0.48191567262857865,S,Miss,4,0,0,4,0,1,1,0,0,0,1,0,0,1,0,0
0,3,female,0.3186745122328894,2,2,0.13804876038839492,S,Miss,5,0,1,3,0,1,1,0,0,1,0,0,0,1,0,0
1,2,female,0.36512852276246516,2,3,0.07529932384821542,S,Mr,6,0,1,2,0,1,1,0,0,0,0,1,1,0,0,0
0,1,male,0.9845153298234748,1,4,1.0,S,Mr,6,0,4,4,1,0,1,0,0,0,1,0,1,0,0,0
0,2,male,0.47352121399814184,0,0,0.04216762135500063,S,Mr,1,1,3,1,1,0,1,0,0,0,0,1,1,0,0,0
1,2,female,0.6903065964694952,1,1,0.10541905338750157,S,Mr,3,0,4,3,0,1,1,0,0,0,0,1,1,0,0,0
0,3,male,0.3031898420563642,0,0,0.03815165741642914,S,Mr,1,1,0,1,1,0,1,0,0,1,0,0,1,0,0,0
0,3,male,0.3806131929389904,1,0,0.031224119622393326,S,Mr,2,0,1,0,1,0,1,0,0,1,0,0,1,0,0,0
1,2,female,0.4270672034685661,0,0,0.052207531201429354,S,rare,1,1,2,2,0,1,1,0,0,0,0,1,0,0,0,1
1,3,male,0.3806131929389904,0,0,0.0325795074516612,S,Mr,1,1,1,1,1,0,1,0,0,1,0,0,1,0,0,0
1,1,male,0.05543511923196036,0,2,0.32873998087276646,S,Master,3,0,0,4,1,0,1,0,0,0,1,0,0,0,1,0
1,2,female,0.19479715082068752,0,1,0.07831129680214403,S,Miss,2,0,0,2,0,1,1,0,0,0,0,1,0,1,0,0
1,1,male,0.5199752245277175,0,0,0.10662384256907302,S,Mr,1,1,3,3,1,0,1,0,0,0,1,0,1,0,0,0
1,3,female,0.0709197894084856,2,1,0.0773406383181913,C,Miss,4,0,0,2,0,1,0,1,0,1,0,0,0,1,0,0
1,1,male,0.7986992877051718,0,0,0.1224869001264304,S,rare,1,1,4,3,1,0,1,0,0,0,1,0,0,0,0,1
0,2,male,0.550944564880768,1,2,0.11144299929535881,S,Mr,4,0,3,3,1,0,1,0,0,0,0,1,1,0,0,0
0,3,male,0.3806131929389904,1,0,0.08018554717227534,S,Mr,2,0,1,2,1,0,1,0,0,1,0,0,1,0,0,0
0,1,male,0.45803654382161657,0,0,0.11144299929535881,C,Mr,1,1,2,3,1,0,0,1,0,0,1,0,1,0,0,0
1,1,male,0.7522452771755962,1,0,0.3578392539752617,C,Mr,2,0,4,4,1,0,0,1,0,0,1,0,1,0,0,0
1,3,male,0.44255187364509135,0,0,0.031709248066172764,C,Mr,1,1,2,1,1,0,0,1,0,1,0,0,1,0,0,0
0,1,male,1.0,0,0,0.10662384256907302,S,Mr,1,1,4,3,1,0,1,0,0,0,1,0,1,0,0,0
1,1,female,0.5354598947042428,1,0,0.20827792976416382,S,Mr,2,0,3,4,0,1,1,0,0,0,1,0,1,0,0,0
1,2,female,0.7677299473521214,0,0,0.04216762135500063,S,Miss,1,1,4,1,0,1,1,0,0,0,0,1,0,1,0,0
1,1,male,0.7367606069990709,0,0,0.10662384256907302,S,Mr,1,1,4,3,1,0,1,0,0,0,1,0,1,0,0,0
0,3,male,0.5199752245277175,0,0,0.03232850970550048,S,Mr,1,1,3,1,1,0,1,0,0,1,0,0,1,0,0,0
0,1,male,0.7212759368225456,0,0,0.1546146116350023,S,Mr,1,1,4,3,1,0,1,0,0,0,1,0,1,0,0,0
0,2,male,0.7367606069990709,0,0,0.052207531201429354,S,Mr,1,1,4,2,1,0,1,0,0,0,0,1,1,0,0,0
0,3,male,0.5819139052338185,0,0,0.028312545766928994,S,Mr,1,1,3,0,1,0,1,0,0,1,0,0,1,0,0,0
0,1,male,0.8606379684112728,0,0,0.10662384256907302,S,Mr,1,1,4,3,1,0,1,0,0,0,1,0,1,0,0,0
0,3,male,0.3806131929389904,0,0,0.03102332142546475,Q,Mr,1,1,1,0,1,0,0,0,1,1,0,0,1,0,0,0
1,3,female,0.0051099411582533295,2,1,0.0773406383181913,C,Miss,4,0,0,2,0,1,0,1,0,1,0,0,0,1,0,0
0,3,male,0.5819139052338185,0,0,0.034788287617875516,S,Mr,1,1,3,1,1,0,1,0,0,1,0,0,1,0,0,0
1,2,female,0.5044905543511923,1,2,0.11144299929535881,S,Mr,4,0,3,3,0,1,1,0,0,0,0,1,1,0,0,0
1,2,female,0.3496438525859399,0,0,0.0553869698515964,C,Mr,1,1,1,2,0,1,0,1,0,0,0,1,1,0,0,0
0,3,female,0.33415918240941467,0,0,0.03950704524569702,S,Miss,1,1,1,1,0,1,1,0,0,1,0,0,0,1,0,0
0,1,male,0.612883245586869,0,0,0.20883012480571742,S,Mr,1,1,3,4,1,0,1,0,0,0,1,0,1,0,0,0
0,3,male,0.44255187364509135,1,0,0.028295678718386993,S,Mr,2,0,2,0,1,0,1,0,0,1,0,0,1,0,0,0
0,3,male,0.33415918240941467,0,0,0.03020326158920845,S,Mr,1,1,1,0,1,0,1,0,0,1,0,0,1,0,0,0
1,3,female,0.02446577887890988,0,1,0.04934615689519716,S,Miss,2,0,0,2,0,1,1,0,0,1,0,0,0,1,0,0
0,3,male,0.13285847011458657,5,2,0.1883487087190028,S,Master,8,0,0,4,1,0,1,0,0,1,0,0,0,0,1,0
0,3,male,0.7677299473521214,0,0,0.03232850970550048,S,Mr,1,1,4,1,1,0,1,0,0,1,0,0,1,0,0,0
1,3,female,0.9690306596469496,0,0,0.038503054261054145,S,Mr,1,1,4,1,0,1,1,0,0,1,0,0,1,0,0,0
1,1,male,0.3806131929389904,1,0,0.3657707827539403,C,Mr,2,0,1,4,1,0,0,1,0,0,1,0,1,0,0,0
1,1,female,0.5354598947042428,1,0,0.361436754471434,S,Mr,2,0,3,4,0,1,1,0,0,0,1,0,1,0,0,0
0,1,male,0.8916073087643234,0,0,0.11927412897557321,C,Mr,1,1,4,3,1,0,0,1,0,0,1,0,1,0,0,0
1,3,male,0.13285847011458657,1,1,0.06385382662328667,S,Master,3,0,0,2,1,0,1,0,0,1,0,0,0,0,1,0
0,3,male,0.3186745122328894,0,0,0.029115738554643292,S,Mr,1,1,1,0,1,0,1,0,0,1,0,0,1,0,0,0
0,1,male,0.8451532982347476,0,0,0.1224869001264304,S,Mr,1,1,4,3,1,0,1,0,0,0,1,0,1,0,0,0
0,1,male,1.0,0,0,0.19880708200783068,C,Mr,1,1,4,4,1,0,0,1,0,0,1,0,1,0,0,0
0,3,male,0.3806131929389904,0,0,0.05806401141304815,C,Mr,1,1,1,2,1,0,0,1,0,1,0,0,1,0,0,0
1,1,female,0.8296686280582224,1,0,0.3143162447909931,C,Miss,2,0,4,4,0,1,0,1,0,0,1,0,0,1,0,0
0,3,male,0.3806131929389904,0,0,0.06064105547242948,S,Mr,1,1,1,2,1,0,1,0,0,1,0,0,1,0,0,0
0,1,female,0.3806131929389904,1,2,0.6086193348905091,S,Mr,4,0,1,4,0,1,1,0,0,0,1,0,1,0,0,0
0,3,male,0.36512852276246516,0,0,0.03130765167231561,S,Mr,1,1,1,0,1,0,1,0,0,1,0,0,1,0,0,0
0,3,female,0.3186745122328894,0,0,0.031123720523929036,Q,Miss,1,1,1,0,0,1,0,0,1,1,0,0,0,1,0,0
0,3,female,0.32641684732115206,0,0,0.0306385920801496,Q,Miss,1,1,1,0,0,1,0,0,1,1,0,0,0,1,0,0
0,3,female,0.5664292350572933,0,0,0.038503054261054145,S,Miss,1,1,3,1,0,1,1,0,0,1,0,0,0,1,0,0
1,1,female,0.24125116135026325,0,0,0.34738088068643375,S,Miss,1,1,0,4,0,1,1,0,0,0,1,0,0,1,0,0
0,1,male,0.2722205017033137,1,0,0.43733847291043515,C,Mr,2,0,0,4,1,0,0,1,0,0,1,0,1,0,0,0
1,2,female,0.5044905543511923,0,2,0.10441506240285871,S,Mr,3,0,3,3,0,1,1,0,0,0,0,1,1,0,0,0
1,1,male,0.612883245586869,0,0,0.10662384256907302,S,Mr,1,1,3,3,1,0,1,0,0,0,1,0,1,0,0,0
0,3,male,0.4270672034685661,0,0,0.09045958771632277,S,Mr,1,1,2,3,1,0,1,0,0,1,0,0,1,0,0,0
1,3,male,0.39609786311551565,0,0,0.22688509548074712,S,Mr,1,1,2,4,1,0,1,0,0,1,0,0,1,0,0,0
1,3,male,0.44255187364509135,0,0,0.031123720523929036,Q,Mr,1,1,2,0,1,0,0,0,1,1,0,0,1,0,0,0
1,1,male,0.550944564880768,0,0,0.10556965203519801,S,Mr,1,1,3,3,1,0,1,0,0,0,1,0,1,0,0,0
1,1,female,0.8296686280582224,1,0,0.23854825795114643,C,Mr,2,0,4,4,0,1,0,1,0,0,1,0,1,0,0,0
0,3,male,0.36512852276246516,0,0,0.030102862490744165,S,Mr,1,1,1,0,1,0,1,0,0,1,0,0,1,0,0,0
0,1,male,0.7212759368225456,0,0,0.13662630596135292,S,Mr,1,1,4,3,1,0,1,0,0,0,1,0,1,0,0,0
1,2,female,0.5199752245277175,0,0,0.04216762135500063,S,Mr,1,1,3,1,0,1,1,0,0,0,0,1,1,0,0,0
0,3,male,0.3806131929389904,0,0,0.09698552911650145,Q,Mr,1,1,1,3,1,0,0,0,1,1,0,0,1,0,0,0
1,2,female,0.550944564880768,1,0,0.10441506240285871,S,Mr,2,0,3,3,0,1,1,0,0,0,0,1,1,0,0,0
0,3,male,0.48900588417466706,0,0,0.031709248066172764,S,Mr,1,1,3,1,1,0,1,0,0,1,0,0,1,0,0,0
1,1,female,0.45803654382161657,0,0,0.3754926282564342,S,Miss,1,1,2,4,0,1,1,0,0,0,1,0,0,1,0,0
1,1,female,0.67482192629297,0,1,0.23284237638722405,C,Mr,2,0,4,4,0,1,0,1,0,0,1,0,1,0,0,0
0,3,male,0.3806131929389904,0,0,0.029032206504721002,C,Mr,1,1,1,0,1,0,0,1,0,1,0,0,1,0,0,0
0,3,male,0.6206255806751316,0,0,0.031123720523929036,Q,Mr,1,1,4,0,1,0,0,0,1,1,0,0,1,0,0,0
0,1,male,0.612883245586869,0,0,0.8906572695252339,S,Mr,1,1,3,4,1,0,1,0,0,0,1,0,1,0,0,0
0,3,male,0.5973985754103438,0,0,0.031826514213179044,S,Mr,1,1,3,1,1,0,1,0,0,1,0,0,1,0,0,0
0,2,male,0.3496438525859399,2,1,0.04618358529357212,S,Mr,4,0,1,2,1,0,1,0,0,0,0,1,1,0,0,0
1,2,female,0.02446577887890988,1,1,0.10441506240285871,S,Miss,3,0,0,3,0,1,1,0,0,0,0,1,0,1,0,0
0,3,male,0.25673583152678847,1,1,0.029032206504721002,C,Mr,3,0,0,0,1,0,0,1,0,1,0,0,1,0,0,0
1,3,female,0.32641684732115206,0,2,0.08979012652776291,C,Mr,3,0,1,3,0,1,0,1,0,1,0,0,1,0,0,0
0,3,female,0.45803654382161657,0,0,0.034788287617875516,S,Miss,1,1,2,1,0,1,1,0,0,1,0,0,0,1,0,0
1,2,female,0.10188912976153608,0,2,0.10541905338750157,S,Miss,3,0,0,3,0,1,1,0,0,0,0,1,0,1,0,0
0,1,male,0.6903065964694952,0,0,0.10662384256907302,S,rare,1,1,4,3,1,0,1,0,0,0,1,0,0,0,0,1
1,1,female,0.45803654382161657,0,0,0.42739896216247064,C,Miss,1,1,2,4,0,1,0,1,0,0,1,0,0,1,0,0
0,3,male,0.3806131929389904,0,0,0.058231477109286583,S,Mr,1,1,1,2,1,0,1,0,0,1,0,0,1,0,0,0
1,1,female,0.33415918240941467,0,2,0.1987902149592887,C,Miss,3,0,1,4,0,1,0,1,0,0,1,0,0,1,0,0
1,1,female,0.550944564880768,0,2,0.2851334396385757,S,Miss,3,0,3,4,0,1,1,0,0,0,1,0,0,1,0,0
0,3,female,0.13285847011458657,4,2,0.1255992721788233,S,Miss,7,0,0,3,0,1,1,0,0,1,0,0,0,1,0,0
0,3,female,0.16382781046763706,4,2,0.1255992721788233,S,Miss,7,0,0,3,0,1,1,0,0,1,0,0,0,1,0,0
1,2,male,0.48900588417466706,1,0,0.10441506240285871,S,Mr,2,0,3,3,1,0,1,0,0,0,0,1,1,0,0,0
0,1,male,0.7677299473521214,1,0,0.42739896216247064,C,Mr,2,0,4,4,1,0,0,1,0,0,1,0,1,0,0,0
0,1,male,0.9845153298234748,0,0,0.10441506240285871,S,Mr,1,1,4,3,1,0,1,0,0,0,1,0,1,0,0,0
1,2,female,0.28770517187983896,1,0,0.10441506240285871,S,Mr,2,0,0,3,0,1,1,0,0,0,0,1,1,0,0,0
1,2,male,0.45803654382161657,0,0,0.055671300098447264,C,Mr,1,1,2,2,1,0,0,1,0,0,0,1,1,0,0,0
0,3,male,0.5044905543511923,1,1,0.0824276598391798,S,Mr,3,0,3,2,1,0,1,0,0,1,0,0,1,0,0,0
1,2,male,0.11737379993806132,1,1,0.1475866747425022,S,Master,3,0,0,3,1,0,1,0,0,0,0,1,0,0,1,0
1,1,male,0.25673583152678847,0,2,0.44530333418980395,C,Mr,3,0,0,4,1,0,0,1,0,0,1,0,1,0,0,0
0,2,male,0.41158253329204086,0,0,0.10441506240285871,S,Mr,1,1,2,3,1,0,1,0,0,0,0,1,1,0,0,0
0,3,male,0.3806131929389904,0,0,0.0314417848678639,Q,Mr,1,1,1,0,1,0,0,0,1,1,0,0,1,0,0,0
1,3,male,0.33415918240941467,0,0,0.029015339456179005,C,Mr,1,1,1,0,1,0,0,1,0,1,0,0,1,0,0,0
1,3,female,0.33415918240941467,0,0,0.031224119622393326,S,Miss,1,1,1,0,0,1,1,0,0,1,0,0,0,1,0,0
1,1,female,0.7367606069990709,1,0,0.15903217196743094,C,Mr,2,0,4,3,0,1,0,1,0,0,1,0,1,0,0,0
0,1,male,0.612883245586869,0,0,0.9137321951234779,C,Mr,1,1,3,4,1,0,0,1,0,0,1,0,1,0,0,0
1,1,female,0.5973985754103438,1,1,0.3198715277072191,S,Mr,3,0,3,4,0,1,1,0,0,0,1,0,1,0,0,0
1,3,female,0.550944564880768,1,0,0.0698777725311439,S,Mr,2,0,3,2,0,1,1,0,0,1,0,0,1,0,0,0
0,3,male,0.612883245586869,0,0,0.031709248066172764,S,Mr,1,1,3,1,1,0,1,0,0,1,0,0,1,0,0,0
0,2,male,0.4270672034685661,0,0,0.054215513170715095,S,Mr,1,1,2,2,1,0,1,0,0,0,0,1,1,0,0,0
0,3,female,0.32641684732115206,0,0,0.03232850970550048,S,Miss,1,1,1,1,0,1,1,0,0,1,0,0,0,1,0,0
0,3,male,0.36512852276246516,2,0,0.09698552911650145,S,Mr,3,0,1,3,1,0,1,0,0,1,0,0,1,0,0,0
0,3,male,0.28770517187983896,0,0,0.031709248066172764,S,Mr,1,1,0,1,1,0,1,0,0,1,0,0,1,0,0,0
0,3,female,0.44255187364509135,0,4,0.08463644000539412,S,Mr,5,0,2,2,0,1,1,0,0,1,0,0,1,0,0,0
1,3,male,0.48900588417466706,0,0,0.031542183966328186,S,Mr,1,1,3,0,1,0,1,0,0,1,0,0,1,0,0,0
1,2,male,0.9535459894704242,0,0,0.04216762135500063,S,Mr,1,1,4,1,1,0,1,0,0,0,0,1,1,0,0,0
1,1,female,0.8141839578816971,2,0,0.20673861078650937,S,Mr,3,0,4,4,0,1,1,0,0,0,1,0,1,0,0,0
1,1,male,0.550944564880768,0,0,0.10597124842905516,S,Mr,1,1,3,3,1,0,1,0,0,0,1,0,1,0,0,0
0,3,male,0.24125116135026325,0,0,0.03232850970550048,S,Mr,1,1,0,1,1,0,1,0,0,1,0,0,1,0,0,0
0,3,male,0.28770517187983896,0,0,0.058231477109286583,S,Mr,1,1,0,2,1,0,1,0,0,1,0,0,1,0,0,0
1,2,female,0.5199752245277175,0,0,0.052207531201429354,S,Miss,1,1,3,2,0,1,1,0,0,0,0,1,0,1,0,0
1,1,female,0.5973985754103438,1,0,0.2244923841661462,S,Mr,2,0,3,4,0,1,1,0,0,0,1,0,1,0,0,0
0,3,female,0.32641684732115206,1,0,0.05806401141304815,C,Mr,2,0,1,2,0,1,0,1,0,1,0,0,1,0,0,0
1,3,male,0.48900588417466706,0,0,0.031826514213179044,S,Mr,1,1,3,1,1,0,1,0,0,1,0,0,1,0,0,0
1,2,female,0.3806131929389904,1,1,0.12047891815714466,S,Miss,3,0,1,3,0,1,1,0,0,0,0,1,0,1,0,0
1,1,female,0.5973985754103438,1,1,0.44530333418980395,C,Mr,3,0,3,4,0,1,0,1,0,0,1,0,1,0,0,0
0,2,male,0.8296686280582224,0,0,0.10441506240285871,S,Mr,1,1,4,3,1,0,1,0,0,0,0,1,1,0,0,0
0,1,male,0.550944564880768,0,0,0.161140553035181,C,Mr,1,1,3,4,1,0,0,1,0,0,1,0,1,0,0,0
0,3,male,0.3806131929389904,0,0,0.034989085814804095,C,Mr,1,1,1,1,1,0,0,1,0,1,0,0,1,0,0,0
1,1,female,0.2722205017033137,0,2,0.3198715277072191,S,Miss,3,0,0,4,0,1,1,0,0,0,1,0,0,1,0,0
0,2,male,0.7212759368225456,0,0,0.06023945907857233,S,Mr,1,1,4,2,1,0,1,0,0,0,0,1,1,0,0,0
1,1,male,0.9225766491173738,1,1,0.3180643439348619,C,Mr,3,0,4,4,1,0,0,1,0,0,1,0,1,0,0,0
0,3,male,0.5354598947042428,0,0,0.028613743062321857,S,Mr,1,1,3,0,1,0,1,0,0,1,0,0,1,0,0,0
1,1,female,0.7986992877051718,1,0,0.3143162447909931,C,Mr,2,0,4,4,0,1,0,1,0,0,1,0,1,0,0,0
0,3,male,0.7212759368225456,0,0,0.029115738554643292,S,Mr,1,1,4,0,1,0,1,0,0,1,0,0,1,0,0,0
0,3,female,0.32641684732115206,0,2,0.031123720523929036,Q,Miss,3,0,1,0,0,1,0,0,1,1,0,0,0,1,0,0
0,2,male,0.5664292350572933,1,0,0.10441506240285871,S,Mr,2,0,3,3,1,0,1,0,0,0,0,1,1,0,0,0
0,3,male,0.550944564880768,1,1,0.09698552911650145,S,Mr,3,0,3,3,1,0,1,0,0,1,0,0,1,0,0,0
1,2,female,0.4270672034685661,0,0,0.13252680997285912,S,Miss,1,1,2,3,0,1,1,0,0,0,0,1,0,1,0,0
0,3,male,0.7522452771755962,0,0,0.0,S,Mr,1,1,4,0,1,0,1,0,0,1,0,0,1,0,0,0
1,1,male,0.7522452771755962,1,0,0.228625614251724,C,Mr,2,0,4,4,1,0,0,1,0,0,1,0,1,0,0,0
1,2,female,0.36512852276246516,2,1,0.10843102634143019,S,Mr,4,0,1,3,0,1,1,0,0,0,0,1,1,0,0,0
0,1,male,0.612883245586869,0,0,0.17027687099543112,S,Mr,1,1,3,4,1,0,1,0,0,0,1,0,1,0,0,0
0,3,male,0.67482192629297,0,0,0.03232850970550048,S,Mr,1,1,4,1,1,0,1,0,0,1,0,0,1,0,0,0
1,1,male,0.5354598947042428,0,0,0.10662384256907302,C,Mr,1,1,3,3,1,0,0,1,0,0,1,0,1,0,0,0
0,3,male,0.550944564880768,1,0,0.06244823924478665,S,Mr,2,0,3,2,1,0,1,0,0,1,0,0,1,0,0,0
0,3,male,0.45803654382161657,0,0,0.031709248066172764,S,Mr,1,1,2,1,1,0,1,0,0,1,0,0,1,0,0,0
1,1,male,0.41158253329204086,0,0,0.1224869001264304,S,Mr,1,1,2,3,1,0,1,0,0,0,1,0,1,0,0,0
1,2,female,0.33415918240941467,1,2,0.16698056779465165,C,Mr,4,0,1,4,0,1,0,1,0,0,0,1,1,0,0,0
1,1,female,0.612883245586869,0,0,0.6162998659230271,S,Miss,1,1,3,4,0,1,1,0,0,0,1,0,0,1,0,0
0,3,female,0.5973985754103438,1,5,0.1255992721788233,S,Mr,7,0,3,3,0,1,1,0,0,1,0,0,1,0,0,0
0,3,male,0.3806131929389904,0,0,0.028312545766928994,S,Mr,1,1,1,0,1,0,1,0,0,1,0,0,1,0,0,0
1,2,female,0.36512852276246516,1,2,0.26103765600714673,S,Miss,4,0,1,4,0,1,1,0,0,0,0,1,0,1,0,0
0,3,male,0.5199752245277175,1,1,0.05782988071542944,S,Mr,3,0,3,2,1,0,1,0,0,1,0,0,1,0,0,0
0,3,female,0.39609786311551565,1,0,0.06465701941100097,S,Mr,2,0,2,2,0,1,1,0,0,1,0,0,1,0,0,0
1,2,female,0.05543511923196036,2,1,0.15662259360428807,S,Miss,4,0,0,3,0,1,1,0,0,0,0,1,0,1,0,0
0,2,male,0.39609786311551565,0,0,0.04216762135500063,S,Mr,1,1,2,1,1,0,1,0,0,0,0,1,1,0,0,0
0,3,male,0.41158253329204086,1,0,0.05804754596090001,C,Mr,2,0,2,2,1,0,0,1,0,1,0,0,1,0,0,0
1,1,male,0.6438525859399195,1,0,0.21105577202047374,S,Mr,2,0,4,4,1,0,1,0,0,0,1,0,1,0,0,0
1,3,male,0.3031898420563642,1,1,0.0632180995318108,C,Mr,3,0,0,2,1,0,0,1,0,1,0,0,1,0,0,0
0,3,male,0.3186745122328894,0,0,0.031542183966328186,S,Mr,1,1,1,0,1,0,1,0,0,1,0,0,1,0,0,0
0,3,male,0.3186745122328894,0,0,0.06465701941100097,S,Mr,1,1,1,2,1,0,1,0,0,1,0,0,1,0,0,0
0,1,male,0.938061319293899,0,0,0.12979916726578136,S,Mr,1,1,4,3,1,0,1,0,0,0,1,0,1,0,0,0
0,2,male,0.876122638587798,0,0,0.04959715464135788,Q,rare,1,1,4,2,1,0,0,0,1,0,0,1,0,0,0,1
1,1,female,0.3186745122328894,0,0,0.31307772151233765,S,Miss,1,1,1,4,0,1,1,0,0,0,1,0,0,1,0,0
0,3,male,0.39609786311551565,0,0,0.031709248066172764,S,Mr,1,1,2,1,1,0,1,0,0,1,0,0,1,0,0,0
0,3,male,0.3806131929389904,0,0,0.031056653926154892,Q,Mr,1,1,1,0,1,0,0,0,1,1,0,0,1,0,0,0
1,1,male,1.0,0,0,0.12047891815714466,S,Mr,1,1,4,3,1,0,1,0,0,0,1,0,1,0,0,0
0,3,male,0.7832146175286466,0,0,0.028329412815470995,S,Mr,1,1,4,0,1,0,1,0,0,1,0,0,1,0,0,0
1,1,male,0.48900588417466706,0,0,0.1224869001264304,C,rare,1,1,3,3,1,0,0,1,0,0,1,0,0,0,0,1
0,3,female,0.13285847011458657,3,2,0.11204539388614453,S,Miss,6,0,0,3,0,1,1,0,0,1,0,0,0,1,0,0
1,2,female,0.4270672034685661,0,0,0.052207531201429354,S,Miss,1,1,2,2,0,1,1,0,0,0,0,1,0,1,0,0
0,2,male,0.47352121399814184,1,1,0.10541905338750157,S,Mr,3,0,3,3,1,0,1,0,0,0,0,1,1,0,0,0
0,3,female,0.6283679157633942,0,5,0.15938356881205595,S,Mr,6,0,4,3,0,1,1,0,0,1,0,0,1,0,0,0
0,3,male,0.3806131929389904,1,0,0.06465701941100097,S,Mr,2,0,1,2,1,0,1,0,0,1,0,0,1,0,0,0
0,3,female,0.02446577887890988,3,2,0.11204539388614453,S,Miss,6,0,0,3,0,1,1,0,0,1,0,0,0,1,0,0
1,3,male,0.3806131929389904,0,0,0.22688509548074712,S,Mr,1,1,1,4,1,0,1,0,0,1,0,0,1,0,0,0
1,1,male,0.7367606069990709,1,0,0.30814170023543946,C,Mr,2,0,4,4,1,0,0,1,0,0,1,0,1,0,0,0
1,1,male,0.8606379684112728,0,0,0.14256671981928784,C,rare,1,1,4,3,1,0,0,1,0,0,1,0,0,0,0,1
0,3,male,0.3806131929389904,0,0,0.03032052773621474,S,Mr,1,1,1,0,1,0,1,0,0,1,0,0,1,0,0,0
1,3,female,0.3496438525859399,0,0,0.03032052773621474,S,Miss,1,1,1,0,0,1,1,0,0,1,0,0,0,1,0,0
1,2,female,0.2722205017033137,0,1,0.09236717058714423,S,Miss,2,0,0,3,0,1,1,0,0,0,0,1,0,1,0,0
0,3,male,0.3186745122328894,0,0,0.03386782868315493,S,Mr,1,1,1,1,1,0,1,0,0,1,0,0,1,0,0,0
1,3,female,0.32641684732115206,0,0,0.0314417848678639,Q,Miss,1,1,1,0,0,1,0,0,1,1,0,0,0,1,0,0
0,3,female,0.2722205017033137,0,0,0.027107756585357547,Q,Miss,1,1,0,0,0,1,0,0,1,1,0,0,0,1,0,0
0,2,male,0.36512852276246516,2,0,0.2951733494850044,S,Mr,3,0,1,4,1,0,1,0,0,0,0,1,1,0,0,0
0,3,female,0.48900588417466706,1,1,0.06224744104785807,Q,Mr,3,0,3,2,0,1,0,0,1,1,0,0,1,0,0,0
0,2,male,0.3496438525859399,0,0,0.052207531201429354,S,Mr,1,1,1,2,1,0,1,0,0,0,0,1,1,0,0,0
0,1,male,0.8916073087643234,0,2,0.4549083151416854,C,Mr,3,0,4,4,1,0,0,1,0,0,1,0,1,0,0,0
1,1,male,0.7677299473521214,2,0,0.5367335803900795,S,rare,3,0,4,4,1,0,1,0,0,0,1,0,0,0,0,1
0,3,male,0.612883245586869,0,0,0.029015339456179005,C,Mr,1,1,3,0,1,0,0,1,0,1,0,0,1,0,0,0
0,1,male,0.7212759368225456,0,0,0.10275847727819797,S,Mr,1,1,4,3,1,0,1,0,0,0,1,0,1,0,0,0
0,3,male,0.550944564880768,0,0,0.030102862490744165,S,Mr,1,1,3,0,1,0,1,0,0,1,0,0,1,0,0,0
1,3,male,0.3031898420563642,1,0,0.031826514213179044,S,Mr,2,0,0,1,1,0,1,0,0,1,0,0,1,0,0,0
0,2,male,0.48900588417466706,2,0,0.2951733494850044,S,Mr,3,0,3,4,1,0,1,0,0,0,0,1,1,0,0,0
0,3,male,0.3806131929389904,0,0,0.031224119622393326,S,Mr,1,1,1,0,1,0,1,0,0,1,0,0,1,0,0,0
0,3,male,0.6593372561164447,0,0,0.03232850970550048,S,Mr,1,1,4,1,1,0,1,0,0,1,0,0,1,0,0,0
1,2,female,0.612883245586869,1,1,0.15662259360428807,S,Mr,3,0,3,3,0,1,1,0,0,0,0,1,1,0,0,0
0,1,male,0.47352121399814184,1,0,0.20883012480571742,S,Mr,2,0,3,4,1,0,1,0,0,0,1,0,1,0,0,0
1,2,male,0.47352121399814184,0,0,0.052207531201429354,S,Mr,1,1,3,2,1,0,1,0,0,0,0,1,1,0,0,0
0,3,male,0.2722205017033137,0,0,0.031224119622393326,S,Mr,1,1,0,0,1,0,1,0,0,1,0,0,1,0,0,0
0,3,male,0.37287085785072777,0,0,0.03232850970550048,S,Mr,1,1,1,1,1,0,1,0,0,1,0,0,1,0,0,0
1,3,female,0.2722205017033137,0,0,0.039523912294239016,S,Miss,1,1,0,1,0,1,1,0,0,1,0,0,0,1,0,0
0,3,female,0.6593372561164447,1,6,0.1883487087190028,S,Mr,8,0,4,4,0,1,1,0,0,1,0,0,1,0,0,0
1,1,male,0.550944564880768,0,1,1.0,C,Mr,2,0,3,4,1,0,0,1,0,0,1,0,1,0,0,0
0,3,female,0.32641684732115206,0,0,0.03267990655012549,Q,Miss,1,1,1,1,0,1,0,0,1,1,0,0,0,1,0,0
1,1,male,0.41158253329204086,0,0,0.30814170023543946,C,Mr,1,1,2,4,1,0,0,1,0,0,1,0,1,0,0,0
0,3,male,0.3031898420563642,0,0,0.03704726733332198,S,Mr,1,1,0,1,1,0,1,0,0,1,0,0,1,0,0,0
0,3,male,0.21028182099721276,5,2,0.1883487087190028,S,Mr,8,0,0,4,1,0,1,0,0,1,0,0,1,0,0,0
0,2,male,0.9225766491173738,1,1,0.15662259360428807,S,Mr,3,0,4,3,1,0,1,0,0,0,0,1,1,0,0,0
0,2,male,0.3806131929389904,1,2,0.16698056779465165,C,Mr,4,0,1,4,1,0,0,1,0,0,0,1,1,0,0,0
0,3,male,0.21028182099721276,4,1,0.15938356881205595,S,Mr,6,0,0,3,1,0,1,0,0,1,0,0,1,0,0,0
0,3,male,0.28770517187983896,0,0,0.0408455660264229,S,Mr,1,1,0,1,1,0,1,0,0,1,0,0,1,0,0,0
0,3,male,0.2722205017033137,0,0,0.03130765167231561,S,Mr,1,1,0,0,1,0,1,0,0,1,0,0,1,0,0,0
1,1,female,0.225766491173738,0,1,0.848723778867852,S,Miss,2,0,0,4,0,1,1,0,0,0,1,0,0,1,0,0
1,1,male,0.47352121399814184,1,0,0.22890994449857485,S,Mr,2,0,3,4,1,0,1,0,0,0,1,0,1,0,0,0
1,3,female,0.05543511923196036,0,1,0.053880983374632097,C,Miss,2,0,0,2,0,1,0,1,0,1,0,0,0,1,0,0
0,1,male,0.9225766491173738,0,0,0.10662384256907302,S,rare,1,1,4,3,1,0,1,0,0,0,1,0,0,0,0,1
0,2,male,0.7986992877051718,0,0,0.054215513170715095,S,Mr,1,1,4,2,1,0,1,0,0,0,0,1,1,0,0,0
1,3,female,0.32641684732115206,0,0,0.031056653926154892,Q,Miss,1,1,1,0,0,1,0,0,1,1,0,0,0,1,0,0
0,1,male,0.7522452771755962,1,1,0.44530333418980395,C,Mr,3,0,4,4,1,0,0,1,0,0,1,0,1,0,0,0
0,3,male,0.6438525859399195,0,0,0.03072212413007189,S,Mr,1,1,4,0,1,0,1,0,0,1,0,0,1,0,0,0
1,1,female,0.2722205017033137,1,0,0.9137321951234779,C,Mr,2,0,0,4,0,1,0,1,0,0,1,0,1,0,0,0
1,1,male,0.5354598947042428,0,0,0.10556965203519801,S,Mr,1,1,3,3,1,0,1,0,0,0,1,0,1,0,0,0
0,3,female,0.2722205017033137,0,1,0.05804754596090001,C,Miss,2,0,0,2,0,1,0,1,0,1,0,0,0,1,0,0
0,3,male,0.3806131929389904,0,0,0.031090388023238894,Q,Mr,1,1,1,0,1,0,0,0,1,1,0,0,1,0,0,0
0,3,male,0.39609786311551565,1,0,0.031542183966328186,S,Mr,2,0,2,0,1,0,1,0,0,1,0,0,1,0,0,0
0,2,male,0.5973985754103438,0,0,0.10441506240285871,S,Mr,1,1,3,3,1,0,1,0,0,0,0,1,1,0,0,0
1,2,female,0.6903065964694952,0,0,0.054215513170715095,S,Mr,1,1,4,2,0,1,1,0,0,0,0,1,1,0,0,0
1,1,male,0.6438525859399195,0,0,0.10556965203519801,S,Mr,1,1,4,3,1,0,1,0,0,0,1,0,1,0,0,0
1,1,female,0.33415918240941467,0,0,0.6086193348905091,S,Miss,1,1,1,4,0,1,1,0,0,0,1,0,0,1,0,0
1,1,female,0.36512852276246516,0,0,0.19880708200783068,C,Mr,1,1,1,4,0,1,0,1,0,0,1,0,1,0,0,0
0,1,male,0.612883245586869,0,0,0.10662384256907302,S,Mr,1,1,3,3,1,0,1,0,0,0,1,0,1,0,0,0
1,1,male,0.7367606069990709,1,0,0.20883012480571742,S,Mr,2,0,4,4,1,0,1,0,0,0,1,0,1,0,0,0
0,3,male,0.44255187364509135,0,0,0.038084590818655,S,Mr,1,1,2,1,1,0,1,0,0,1,0,0,1,0,0,0
0,2,male,0.7986992877051718,0,0,0.052207531201429354,S,Mr,1,1,4,2,1,0,1,0,0,0,0,1,1,0,0,0
0,3,male,0.28770517187983896,0,0,0.03072212413007189,S,Mr,1,1,0,0,1,0,1,0,0,1,0,0,1,0,0,0
1,1,female,0.5819139052338185,0,0,0.9137321951234779,C,Miss,1,1,3,4,0,1,0,1,0,0,1,0,0,1,0,0
1,2,female,0.41158253329204086,0,0,0.04216762135500063,S,Miss,1,1,2,1,0,1,1,0,0,0,0,1,0,1,0,0
0,3,male,0.3806131929389904,0,0,0.06224744104785807,Q,Mr,1,1,1,2,1,0,0,0,1,1,0,0,1,0,0,0
0,3,male,0.5044905543511923,0,0,0.031224119622393326,S,Mr,1,1,3,0,1,0,1,0,0,1,0,0,1,0,0,0
1,2,female,0.08640445958501085,0,1,0.13252680997285912,S,Miss,2,0,0,3,0,1,1,0,0,0,0,1,0,1,0,0
0,3,male,0.25673583152678847,1,0,0.028329412815470995,S,Mr,2,0,0,0,1,0,1,0,0,1,0,0,1,0,0,0
0,2,male,0.5199752245277175,0,0,0.052207531201429354,S,Mr,1,1,3,2,1,0,1,0,0,0,0,1,1,0,0,0
0,2,male,0.7677299473521214,0,0,0.052207531201429354,S,Mr,1,1,4,2,1,0,1,0,0,0,0,1,1,0,0,0
1,1,male,0.41158253329204086,1,0,0.21324768513814604,S,Mr,2,0,2,4,1,0,1,0,0,0,1,0,1,0,0,0
0,3,male,0.3031898420563642,0,0,0.034788287617875516,S,Mr,1,1,0,1,1,0,1,0,0,1,0,0,1,0,0,0
1,2,female,0.45803654382161657,3,0,0.08433524271000126,S,Mr,4,0,2,2,0,1,1,0,0,0,0,1,1,0,0,0
1,3,female,0.32641684732115206,0,0,0.031073520974696893,Q,Miss,1,1,1,0,0,1,0,0,1,1,0,0,0,1,0,0
0,2,male,0.3806131929389904,1,0,0.10441506240285871,S,Mr,2,0,1,3,1,0,1,0,0,0,0,1,1,0,0,0
0,3,female,0.3806131929389904,1,0,0.031826514213179044,S,Miss,2,0,1,1,0,1,1,0,0,1,0,0,0,1,0,0
1,1,female,0.44255187364509135,0,0,0.848723778867852,S,Miss,1,1,2,4,0,1,1,0,0,0,1,0,0,1,0,0
0,3,male,0.16382781046763706,0,0,0.07544992249591184,C,Mr,1,1,0,2,1,0,0,1,0,1,0,0,1,0,0,0
0,3,male,0.43480953855682875,0,0,0.06465701941100097,S,Mr,1,1,2,2,1,0,1,0,0,1,0,0,1,0,0,0
0,3,female,0.7367606069990709,1,3,0.13804876038839492,S,Mr,5,0,4,3,0,1,1,0,0,1,0,0,1,0,0,0
1,1,male,0.5354598947042428,0,0,1.0,C,Mr,1,1,3,4,1,0,0,1,0,0,1,0,1,0,0,0
1,1,male,0.612883245586869,0,0,0.12047891815714466,S,Mr,1,1,3,3,1,0,1,0,0,0,1,0,1,0,0,0
0,1,male,0.550944564880768,1,0,0.31665875655636183,S,Mr,2,0,3,4,1,0,1,0,0,0,1,0,1,0,0,0
1,1,female,0.3186745122328894,2,2,1.0,C,Miss,5,0,1,4,0,1,0,1,0,0,1,0,0,1,0,0
0,3,male,0.36512852276246516,1,0,0.06465701941100097,S,Mr,2,0,1,2,1,0,1,0,0,1,0,0,1,0,0,0
1,3,male,0.47352121399814184,0,0,0.031826514213179044,S,Mr,1,1,3,1,1,0,1,0,0,1,0,0,1,0,0,0
0,1,male,1.0,1,1,0.2851334396385757,S,rare,3,0,4,4,1,0,1,0,0,0,1,0,0,0,0,1
0,3,male,0.24125116135026325,1,1,0.08132326975607264,S,Mr,3,0,0,2,1,0,1,0,0,1,0,0,1,0,0,0
1,2,female,0.45803654382161657,0,0,0.052207531201429354,S,Miss,1,1,2,2,0,1,1,0,0,0,0,1,0,1,0,0
0,1,male,0.28770517187983896,1,0,0.21324768513814604,S,Mr,2,0,0,4,1,0,1,0,0,0,1,0,1,0,0,0
0,3,male,0.47352121399814184,0,0,0.031123720523929036,Q,Mr,1,1,3,0,1,0,0,0,1,1,0,0,1,0,0,0
1,2,female,0.05543511923196036,1,1,0.09236717058714423,S,Miss,3,0,0,3,0,1,1,0,0,0,0,1,0,1,0,0
1,3,male,0.08640445958501085,0,1,0.05009915013367932,S,Master,2,0,0,2,1,0,1,0,0,1,0,0,0,0,1,0
0,3,male,0.5044905543511923,0,0,0.03815165741642914,S,Mr,1,1,3,1,1,0,1,0,0,1,0,0,1,0,0,0
0,3,male,0.3496438525859399,0,0,0.031709248066172764,S,Mr,1,1,1,1,1,0,1,0,0,1,0,0,1,0,0,0
1,2,female,0.7367606069990709,1,2,0.26103765600714673,S,Mr,4,0,4,4,0,1,1,0,0,0,0,1,1,0,0,0
1,2,male,0.0038711675441313108,1,1,0.058231477109286583,S,Master,3,0,0,2,1,0,1,0,0,0,0,1,0,0,1,0
0,3,male,0.4270672034685661,0,0,0.03130765167231561,S,Mr,1,1,2,0,1,0,1,0,0,1,0,0,1,0,0,0
1,1,female,0.5044905543511923,0,0,0.34738088068643375,S,rare,1,1,3,4,0,1,1,0,0,0,1,0,0,0,0,1
0,3,male,0.6283679157633942,0,0,0.028613743062321857,S,Mr,1,1,4,0,1,0,1,0,0,1,0,0,1,0,0,0
1,3,male,0.3031898420563642,0,0,0.029032206504721002,C,Mr,1,1,0,0,1,0,0,1,0,1,0,0,1,0,0,0
1,1,female,0.550944564880768,1,2,0.48191567262857865,S,Mr,4,0,3,4,0,1,1,0,0,0,1,0,1,0,0,0
0,3,male,0.24125116135026325,0,0,0.031224119622393326,S,Mr,1,1,0,0,1,0,1,0,0,1,0,0,1,0,0,0
1,1,female,0.7832146175286466,1,0,0.31307772151233765,S,Mr,2,0,4,4,0,1,1,0,0,0,1,0,1,0,0,0
0,1,male,0.612883245586869,0,0,0.15903217196743094,C,rare,1,1,3,3,1,0,0,1,0,0,1,0,0,0,0,1
0,3,female,0.4657788789098792,0,0,0.031123720523929036,Q,Miss,1,1,3,0,0,1,0,0,1,1,0,0,0,1,0,0
0,3,male,0.3806131929389904,1,0,0.09698552911650145,Q,Mr,2,0,1,3,1,0,0,0,1,1,0,0,1,0,0,0
0,3,male,0.48900588417466706,0,0,0.03358349843630408,S,Mr,1,1,3,1,1,0,1,0,0,1,0,0,1,0,0,0
0,3,male,0.36512852276246516,0,0,0.03815165741642914,S,Mr,1,1,1,1,1,0,1,0,0,1,0,0,1,0,0,0
0,3,male,0.7367606069990709,0,0,0.031542183966328186,S,Mr,1,1,4,0,1,0,1,0,0,1,0,0,1,0,0,0
0,2,female,0.876122638587798,0,0,0.04216762135500063,S,Mr,1,1,4,1,0,1,1,0,0,0,0,1,1,0,0,0
1,2,female,0.8296686280582224,1,3,0.09236717058714423,S,Mr,5,0,4,3,0,1,1,0,0,0,0,1,1,0,0,0
0,3,male,0.2722205017033137,0,0,0.031123720523929036,S,Mr,1,1,0,0,1,0,1,0,0,1,0,0,1,0,0,0
1,3,female,0.0709197894084856,0,0,0.05009915013367932,S,Miss,1,1,0,2,0,1,1,0,0,1,0,0,0,1,0,0
0,3,male,0.3806131929389904,0,0,0.031073520974696893,Q,Mr,1,1,1,0,1,0,0,0,1,1,0,0,1,0,0,0
1,1,female,0.6593372561164447,0,1,0.848723778867852,S,Mr,2,0,4,4,0,1,1,0,0,0,1,0,1,0,0,0
1,3,female,0.19479715082068752,0,0,0.029032206504721002,C,Miss,1,1,0,0,0,1,0,1,0,1,0,0,0,1,0,0
1,1,female,0.25673583152678847,1,0,0.22890994449857485,S,Mr,2,0,0,4,0,1,1,0,0,0,1,0,1,0,0,0
0,1,male,0.44255187364509135,0,0,0.12047891815714466,S,Mr,1,1,2,3,1,0,1,0,0,0,1,0,1,0,0,0
0,3,male,0.3806131929389904,1,2,0.0941743543595014,S,Mr,4,0,1,3,1,0,1,0,0,1,0,0,1,0,0,0
1,3,female,0.2722205017033137,0,0,0.030102862490744165,S,Miss,1,1,0,0,0,1,1,0,0,1,0,0,0,1,0,0
0,3,male,0.11737379993806132,4,1,0.1169649497108946,Q,Master,6,0,0,3,1,0,0,0,1,1,0,0,0,0,1,0
1,3,male,0.00898110870238464,1,2,0.08262845803610838,S,Master,4,0,0,2,1,0,1,0,0,1,0,0,0,0,1,0
0,1,male,0.7057912666460204,0,0,0.3180643439348619,C,Mr,1,1,4,4,1,0,0,1,0,0,1,0,1,0,0,0
0,2,male,0.24125116135026325,0,0,0.10441506240285871,S,Mr,1,1,0,3,1,0,1,0,0,0,0,1,1,0,0,0
0,1,male,0.612883245586869,0,0,0.12327322586560269,C,Mr,1,1,3,3,1,0,0,1,0,0,1,0,1,0,0,0
0,2,male,0.5973985754103438,0,0,0.052207531201429354,S,Mr,1,1,3,2,1,0,1,0,0,0,0,1,1,0,0,0
1,1,female,0.7522452771755962,0,0,0.10413073215600785,S,rare,1,1,4,3,0,1,1,0,0,0,1,0,0,0,0,1
1,3,female,0.47352121399814184,0,0,0.0348718196677978,S,Mr,1,1,3,1,0,1,1,0,0,1,0,0,1,0,0,0
0,3,male,0.45803654382161657,0,0,0.029032206504721002,C,Mr,1,1,2,0,1,0,0,1,0,1,0,0,1,0,0,0
0,3,female,0.45803654382161657,1,1,0.09698552911650145,S,Mr,3,0,2,3,0,1,1,0,0,1,0,0,1,0,0,0
1,2,female,0.47352121399814184,1,1,0.10541905338750157,S,Mr,3,0,3,3,0,1,1,0,0,0,0,1,1,0,0,0
1,1,male,0.16382781046763706,1,2,0.48191567262857865,S,Master,4,0,0,4,1,0,1,0,0,0,1,0,0,0,1,0
1,3,male,0.0,0,1,0.0342027600756318,C,Master,2,0,0,1,1,0,0,1,0,1,0,0,0,0,1,0
1,3,male,0.41158253329204086,0,0,0.02801134847153613,S,Mr,1,1,2,0,1,0,1,0,0,1,0,0,1,0,0,0
0,3,male,0.47352121399814184,0,0,0.031224119622393326,S,Mr,1,1,3,0,1,0,1,0,0,1,0,0,1,0,0,0
0,1,male,0.5973985754103438,0,0,0.0,S,Mr,1,1,3,0,1,0,1,0,0,0,1,0,1,0,0,0
0,3,female,0.2722205017033137,0,0,0.031224119622393326,S,Miss,1,1,0,0,0,1,1,0,0,1,0,0,0,1,0,0
1,1,female,0.5044905543511923,1,0,0.21324768513814604,S,Mr,2,0,3,4,0,1,1,0,0,0,1,0,1,0,0,0
0,3,male,0.39609786311551565,0,0,0.03167591556548262,S,Mr,1,1,2,1,1,0,1,0,0,1,0,0,1,0,0,0
0,3,male,0.5973985754103438,0,0,0.09698552911650145,S,Mr,1,1,3,3,1,0,1,0,0,1,0,0,1,0,0,0
0,2,male,0.5354598947042428,0,0,0.04216762135500063,S,Mr,1,1,3,1,1,0,1,0,0,0,0,1,1,0,0,0
0,3,female,0.08640445958501085,4,2,0.1255992721788233,S,Miss,7,0,0,3,0,1,1,0,0,1,0,0,0,1,0,0
0,3,male,0.4657788789098792,0,0,0.03232850970550048,S,Mr,1,1,3,1,1,0,1,0,0,1,0,0,1,0,0,0
0,3,female,0.3496438525859399,0,0,0.031826514213179044,S,Miss,1,1,1,1,0,1,1,0,0,1,0,0,0,1,0,0
0,2,male,0.47352121399814184,1,1,0.14860753277568706,C,Mr,3,0,3,3,1,0,0,1,0,0,0,1,1,0,0,0
0,3,male,0.6593372561164447,0,0,0.0259029674037861,S,Mr,1,1,4,0,1,0,1,0,0,1,0,0,1,0,0,0
0,3,male,0.1483431402911118,3,2,0.11204539388614453,S,Master,6,0,0,3,1,0,1,0,0,1,0,0,0,0,1,0
1,1,female,0.7986992877051718,1,1,0.3754926282564342,S,Mr,3,0,4,4,0,1,1,0,0,0,1,0,1,0,0,0
1,3,male,0.41158253329204086,0,0,0.034788287617875516,S,Mr,1,1,2,1,1,0,1,0,0,1,0,0,1,0,0,0
0,1,male,0.5819139052338185,0,0,0.0,S,rare,1,1,3,0,1,0,1,0,0,0,1,0,0,0,0,1
1,3,female,0.41158253329204086,0,1,0.05009915013367932,S,Mr,2,0,2,2,0,1,1,0,0,1,0,0,1,0,0,0
0,3,male,0.02446577887890988,4,1,0.15938356881205595,S,Master,6,0,0,3,1,0,1,0,0,1,0,0,0,0,1,0
0,3,male,0.3806131929389904,0,0,0.027910949373071845,Q,Mr,1,1,1,0,1,0,0,0,1,1,0,0,1,0,0,0
0,3,male,0.3806131929389904,0,0,0.22688509548074712,S,Mr,1,1,1,4,1,0,1,0,0,1,0,0,1,0,0,0
1,2,male,0.00898110870238464,0,2,0.14860753277568706,C,Master,3,0,0,3,1,0,0,1,0,0,0,1,0,0,1,0
1,3,male,0.3806131929389904,0,0,0.031123720523929036,Q,Mr,1,1,1,0,1,0,0,0,1,1,0,0,1,0,0,0
1,1,female,0.9535459894704242,0,0,0.3212771150857191,S,Mr,1,1,4,4,0,1,1,0,0,0,1,0,1,0,0,0
1,3,female,0.225766491173738,1,0,0.05804754596090001,C,Mr,2,0,0,2,0,1,0,1,0,1,0,0,1,0,0,0
1,2,male,0.006348714772375348,1,1,0.07529932384821542,S,Master,3,0,0,2,1,0,1,0,0,0,0,1,0,0,1,0
0,3,male,0.3496438525859399,0,0,0.031542183966328186,S,Mr,1,1,1,0,1,0,1,0,0,1,0,0,1,0,0,0
0,3,male,0.2722205017033137,0,0,0.03333250069014336,S,Mr,1,1,0,1,1,0,1,0,0,1,0,0,1,0,0,0
1,1,female,0.5973985754103438,1,1,0.33396073399290943,C,Miss,3,0,3,4,0,1,0,1,0,0,1,0,0,1,0,0
0,3,male,0.3186745122328894,0,0,0.034788287617875516,S,Mr,1,1,1,1,1,0,1,0,0,1,0,0,1,0,0,0
1,1,male,0.612883245586869,0,0,0.11927412897557321,C,Mr,1,1,3,3,1,0,0,1,0,0,1,0,1,0,0,0
0,3,male,0.3031898420563642,0,0,0.031826514213179044,S,Mr,1,1,0,1,1,0,1,0,0,1,0,0,1,0,0,0
0,2,male,0.24125116135026325,0,0,0.04216762135500063,S,Mr,1,1,0,1,1,0,1,0,0,0,0,1,1,0,0,0
1,1,female,0.45803654382161657,0,0,0.12449488209571614,C,Miss,1,1,2,3,0,1,0,1,0,0,1,0,0,1,0,0
0,3,male,0.5277175596159802,0,0,0.025852767854553958,C,Mr,1,1,3,0,1,0,0,1,0,1,0,0,1,0,0,0
0,3,male,0.6438525859399195,0,0,0.03032052773621474,S,Mr,1,1,4,0,1,0,1,0,0,1,0,0,1,0,0,0
0,3,male,0.5354598947042428,0,0,0.031709248066172764,C,Mr,1,1,3,1,1,0,0,1,0,1,0,0,1,0,0,0
0,2,male,0.4270672034685661,0,1,0.13252680997285912,S,rare,2,0,2,3,1,0,1,0,0,0,0,1,0,0,0,1
1,1,female,0.5354598947042428,1,0,0.3578392539752617,C,Mr,2,0,3,4,0,1,0,1,0,0,1,0,1,0,0,0
0,3,male,0.05543511923196036,4,2,0.1255992721788233,S,Master,7,0,0,3,1,0,1,0,0,1,0,0,0,0,1,0
0,3,male,1.0,0,0,0.031224119622393326,S,Mr,1,1,4,0,1,0,1,0,0,1,0,0,1,0,0,0
0,3,female,0.13285847011458657,1,1,0.061226583014673194,C,Miss,3,0,0,2,0,1,0,1,0,1,0,0,0,1,0,0
1,1,female,0.24125116135026325,0,1,0.15822897917971665,S,Miss,2,0,0,3,0,1,1,0,0,0,1,0,0,1,0,0
0,2,female,0.67482192629297,1,0,0.10441506240285871,S,Mr,2,0,4,3,0,1,1,0,0,0,0,1,1,0,0,0
1,3,female,0.2722205017033137,0,1,0.037549262825643415,S,Mr,2,0,0,1,0,1,1,0,0,1,0,0,1,0,0,0
1,1,female,0.6903065964694952,1,1,0.662098721871284,S,Mr,3,0,4,4,0,1,1,0,0,0,1,0,1,0,0,0
1,1,male,0.7832146175286466,0,0,0.10662384256907302,S,Mr,1,1,4,3,1,0,1,0,0,0,1,0,1,0,0,0
1,3,female,0.36512852276246516,0,3,0.0773406383181913,C,Mr,4,0,1,2,0,1,0,1,0,1,0,0,1,0,0,0
0,3,male,0.6283679157633942,2,0,0.056658424034548134,S,Mr,3,0,4,2,1,0,1,0,0,1,0,0,1,0,0,0
0,2,male,0.3186745122328894,1,0,0.04618358529357212,S,Mr,2,0,1,2,1,0,1,0,0,0,0,1,1,0,0,0
1,1,female,0.7367606069990709,0,0,0.10413073215600785,S,Mr,1,1,4,3,0,1,1,0,0,0,1,0,1,0,0,0
0,2,male,0.36512852276246516,0,0,0.052207531201429354,S,Mr,1,1,1,2,1,0,1,0,0,0,0,1,1,0,0,0
1,2,female,0.6438525859399195,0,0,0.052207531201429354,S,Mr,1,1,4,2,0,1,1,0,0,0,0,1,1,0,0,0
1,2,female,0.41158253329204086,1,0,0.05565443304990526,C,Miss,2,0,2,2,0,1,0,1,0,0,0,1,0,1,0,0
0,1,male,0.47352121399814184,0,0,0.20278931184931817,S,Mr,1,1,3,4,1,0,1,0,0,0,1,0,1,0,0,0
0,3,male,0.3806131929389904,0,0,0.03815165741642914,S,Mr,1,1,1,1,1,0,1,0,0,1,0,0,1,0,0,0
1,3,male,0.05543511923196036,1,1,0.044710931317297954,S,Master,3,0,0,2,1,0,1,0,0,1,0,0,0,0,1,0
1,1,female,0.7212759368225456,1,1,0.21105577202047374,S,Mr,3,0,4,4,0,1,1,0,0,0,1,0,1,0,0,0
0,1,male,0.5044905543511923,0,0,0.020079819692857444,S,Mr,1,1,3,0,1,0,1,0,0,0,1,0,1,0,0,0
0,3,male,0.7212759368225456,0,0,0.0361436754471434,S,Mr,1,1,4,1,1,0,1,0,0,1,0,0,1,0,0,0
1,2,female,0.4270672034685661,1,0,0.09638313452571573,C,Mr,2,0,2,3,0,1,0,1,0,0,0,1,1,0,0,0
1,3,female,0.225766491173738,0,0,0.029015339456179005,C,Miss,1,1,0,0,0,1,0,1,0,1,0,0,0,1,0,0
0,3,male,0.3031898420563642,0,0,0.03954037774638716,S,Mr,1,1,0,1,1,0,1,0,0,1,0,0,1,0,0,0
1,1,female,0.8606379684112728,0,1,0.33396073399290943,C,Mr,2,0,4,4,0,1,0,1,0,0,1,0,1,0,0,0
1,2,female,0.3806131929389904,0,1,0.10441506240285871,S,Mr,2,0,1,3,0,1,1,0,0,0,0,1,1,0,0,0
0,3,male,0.5044905543511923,0,0,0.031709248066172764,S,Mr,1,1,3,1,1,0,1,0,0,1,0,0,1,0,0,0
0,3,female,0.33415918240941467,0,0,0.042234687952774776,S,Miss,1,1,1,2,0,1,1,0,0,1,0,0,0,1,0,0
0,2,male,0.4270672034685661,0,0,0.04216762135500063,S,Mr,1,1,2,1,1,0,1,0,0,0,0,1,1,0,0,0
0,3,female,0.5973985754103438,0,5,0.1169649497108946,Q,Mr,6,0,3,3,0,1,0,0,1,1,0,0,1,0,0,0
0,2,male,0.41158253329204086,0,0,0.052207531201429354,S,rare,1,1,2,2,1,0,1,0,0,0,0,1,0,0,0,1
1,1,female,0.28770517187983896,0,0,0.12047891815714466,S,Miss,1,1,0,3,0,1,1,0,0,0,1,0,0,1,0,0
0,3,female,0.32641684732115206,1,2,0.0941743543595014,S,Miss,4,0,1,3,0,1,1,0,0,1,0,0,0,1,0,0
1,1,male,0.39609786311551565,0,0,0.12047891815714466,C,Mr,1,1,2,3,1,0,0,1,0,0,1,0,1,0,0,0
0,3,male,0.48900588417466706,0,0,0.031123720523929036,Q,Mr,1,1,3,0,1,0,0,0,1,1,0,0,1,0,0,0
